date,open,high,low,close
2019-01-02,4021.2494,4043.4364,3974.8291,3974.8291
2019-01-03,3941.4591,3993.9613,3911.0889,3992.9877
2019-01-04,3985.3065,4026.3732,3967.2161,4026.3732
2019-01-07,4008.1961,4032.0416,3957.9608,3979.0599
2019-01-08,3975.9836,3975.9836,3892.4961,3915.8534
2019-01-09,3923.8424,3943.5058,3874.9053,3943.5058
2019-01-10,3923.5323,3975.9416,3923.5323,3967.0752
2019-01-11,3974.0059,4030.6345,3974.0059,4009.7533
2019-01-14,4028.9901,4028.9901,3967.3457,3967.3457
2019-01-15,3996.2244,3996.3767,3947.4476,3963.73
2019-01-16,3969.4345,3969.4345,3938.2178,3941.7296
2019-01-17,3939.4622,3939.4622,3882.7047,3882.7047
2019-01-18,3869.8468,3887.6366,3843.6028,3871.4042
2019-01-21,3884.0343,3917.6835,3860.4709,3898.2628
2019-01-22,3891.4197,3926.3272,3891.4197,3918.1255
2019-01-23,3936.1921,3959.7256,3935.6113,3943.9893
2019-01-24,3941.4819,3980.6142,3941.4819,3980.6142
2019-01-25,3992.5919,4049.187,3981.8038,4043.018
2019-01-28,4043.4349,4043.4349,3999.0625,4009.3636
2019-01-29,4016.1796,4075.9836,3963.5149,4052.5471
2019-01-30,4046.8391,4065.8521,4036.094,4057.3945
2019-01-31,4091.7617,4108.8672,4085.973,4098.7026
2019-02-01,4100.7231,4104.8638,4069.2201,4091.7043
2019-02-04,4108.0756,4112.3413,4059.2319,4099.6793
2019-02-05,4112.9003,4151.824,4108.3766,4117.9844
2019-02-06,4108.9994,4108.9994,4072.7746,4099.6535
2019-02-07,4106.9152,4106.9152,4075.3732,4075.3732
2019-02-08,4085.959,4108.6878,4064.9843,4108.6878
2019-02-11,4094.1971,4124.8392,4094.1971,4106.5901
2019-02-12,4136.8068,4136.8068,4098.4515,4098.4515
2019-02-13,4109.0397,4109.0397,4081.1324,4083.8776
2019-02-14,4060.246,4086.9055,4060.246,4079.5022
2019-02-15,4082.3657,4098.0702,4065.6506,4076.2366
2019-02-18,4076.0545,4076.0545,4031.1577,4051.6963
2019-02-19,4039.5579,4090.079,4039.5579,4090.079
2019-02-20,4094.6213,4105.0464,4078.9325,4105.0464
2019-02-21,4105.0415,4138.8735,4086.8921,4134.0394
2019-02-22,4147.6021,4149.9043,4111.7324,4111.7324
2019-02-25,4121.0272,4121.0272,4070.1032,4070.1032
2019-02-26,4079.1349,4104.4556,4068.2526,4088.5662
2019-02-27,4093.5544,4103.5818,4054.8724,4103.5818
2019-02-28,4102.2165,4116.3275,4085.7994,4106.4012
2019-03-01,4112.9149,4126.8272,4094.1917,4126.8272
2019-03-04,4115.0215,4147.061,4095.8678,4129.4286
2019-03-05,4121.8192,4150.7965,4104.5366,4150.7965
2019-03-06,4153.8234,4214.4294,4149.9914,4214.4294
2019-03-07,4209.0511,4209.0511,4141.4046,4141.4046
2019-03-08,4137.1715,4137.1715,4111.7471,4121.2555
2019-03-11,4126.7305,4144.1681,4113.6064,4113.6064
2019-03-12,4109.2303,4130.4029,4107.1106,4107.1106
2019-03-13,4122.9134,4122.9134,4091.7294,4093.4646
2019-03-14,4088.8907,4090.3801,4056.5843,4063.6994
2019-03-15,4073.9498,4073.9498,4026.8022,4029.3045
2019-03-18,4039.0039,4039.5983,3978.6148,3978.6148
2019-03-19,3981.8273,3992.4795,3944.0967,3963.3729
2019-03-20,3963.3755,4009.1643,3959.9347,3989.556
2019-03-21,3981.5177,3992.3587,3954.7917,3965.433
2019-03-22,3967.2879,3990.0456,3965.0623,3988.4823
2019-03-25,3998.9058,4022.424,3990.714,4018.6065
2019-03-26,4009.4556,4009.4556,3974.1808,3999.5681
2019-03-27,4021.6094,4031.4892,3989.6689,3989.6689
2019-03-28,4008.3006,4017.6752,3996.7881,4014.9499
2019-03-29,4021.6058,4021.6058,3962.6123,3977.2626
2019-04-01,3988.9782,3988.9782,3935.3215,3952.3045
2019-04-02,3952.4178,3953.8574,3920.0499,3943.7871
2019-04-03,3948.8689,3948.8689,3867.1394,3867.1394
2019-04-04,3857.971,3907.2983,3850.2201,3899.8908
2019-04-05,3922.8112,3928.4393,3862.5046,3872.5418
2019-04-08,3872.1797,3899.8099,3860.4062,3881.1227
2019-04-09,3870.9225,3898.2785,3857.0761,3898.2785
2019-04-10,3911.6586,3911.6586,3880.4186,3894.6244
2019-04-11,3885.2681,3909.5134,3858.578,3897.4292
2019-04-12,3910.4206,3937.339,3877.346,3883.6398
2019-04-15,3890.3314,3897.2765,3873.0793,3876.4028
2019-04-16,3875.7025,3880.7707,3824.6092,3853.0456
2019-04-17,3857.4314,3875.9474,3831.9503,3831.9503
2019-04-18,3821.7256,3850.3154,3819.2282,3849.6405
2019-04-19,3851.6103,3867.8175,3840.5845,3867.8175
2019-04-22,3882.928,3883.0335,3811.9311,3811.9311
2019-04-23,3828.4011,3845.9094,3828.4011,3831.045
2019-04-24,3850.0235,3850.0235,3769.3169,3769.3169
2019-04-25,3761.0635,3786.3411,3742.4627,3773.4568
2019-04-26,3777.7169,3798.1552,3768.9148,3793.7887
2019-04-29,3784.0563,3813.7244,3773.6467,3813.7244
2019-04-30,3810.9848,3846.2843,3810.9848,3838.6053
2019-05-01,3841.7492,3880.014,3841.7492,3872.0184
2019-05-02,3864.4891,3877.5319,3850.8701,3877.5319
2019-05-03,3863.6942,3874.2076,3847.1185,3872.3991
2019-05-06,3877.8687,3885.4307,3868.9064,3885.4307
2019-05-07,3902.7928,3938.9827,3902.7928,3928.3864
2019-05-08,3924.8144,3948.0908,3911.177,3911.177
2019-05-09,3922.147,3956.7472,3917.7698,3935.1835
2019-05-10,3938.8176,3965.0473,3938.8176,3965.0473
2019-05-13,3959.7048,4044.9172,3959.7048,4044.9172
2019-05-14,4040.5764,4079.9678,4026.3566,4074.3138
2019-05-15,4068.7243,4098.2241,4045.3046,4045.3046
2019-05-16,4050.9257,4050.9257,3985.9644,3985.9644
2019-05-17,3977.6873,4004.4538,3938.0435,3938.0435
2019-05-20,3923.3067,3945.4765,3912.4753,3912.4753
2019-05-21,3906.8365,3944.6135,3904.3494,3936.3543
2019-05-22,3928.8703,3928.8703,3896.8791,3896.8791
2019-05-23,3907.3547,3919.9725,3878.2781,3883.333
2019-05-24,3854.6077,3922.686,3854.6077,3895.8127
2019-05-27,3900.8192,3902.9193,3803.2031,3803.2031
2019-05-28,3811.8249,3823.8178,3789.1422,3789.1422
2019-05-29,3793.3558,3842.3704,3793.3558,3833.0604
2019-05-30,3832.0892,3876.2764,3832.0892,3848.0653
2019-05-31,3833.8291,3890.6822,3830.6201,3890.6822
2019-06-03,3917.9755,3951.1056,3917.9755,3951.1056
2019-06-04,3948.0966,3948.0966,3902.2084,3915.0505
2019-06-05,3911.9744,3930.3368,3897.1172,3918.4792
2019-06-06,3927.2445,3927.2445,3897.2569,3909.3638
2019-06-07,3913.5372,3928.466,3907.4713,3922.1969
2019-06-10,3916.2518,3920.7073,3886.5846,3887.6036
2019-06-11,3891.1474,3968.2674,3891.1474,3968.2674
2019-06-12,3960.124,4032.1964,3960.124,4021.9646
2019-06-13,4031.3396,4091.1058,4021.5536,4087.2576
2019-06-14,4105.161,4120.4082,4083.3712,4103.1303
2019-06-17,4109.2006,4166.4342,4109.2006,4144.138
2019-06-18,4128.6347,4142.8488,4099.4035,4122.525
2019-06-19,4114.8849,4208.3072,4114.8849,4208.3072
2019-06-20,4203.2965,4229.8405,4146.5272,4180.8077
2019-06-21,4174.264,4174.264,4123.6461,4125.5448
2019-06-24,4110.4247,4110.4247,4032.9969,4050.2626
2019-06-25,4062.4404,4105.6967,4061.4283,4070.5123
2019-06-26,4082.3868,4082.3868,4034.8114,4034.8114
2019-06-27,4039.2492,4051.391,3998.3406,4006.783
2019-06-28,4023.3153,4023.3153,3913.3273,3913.3273
2019-07-01,3897.6334,3923.7187,3881.9612,3911.8346
2019-07-02,3911.2159,3923.5712,3861.822,3889.8082
2019-07-03,3873.8715,3883.2678,3832.8115,3881.9084
2019-07-04,3864.7841,3864.7841,3816.0696,3858.4815
2019-07-05,3845.1043,3877.7799,3833.3491,3865.5155
2019-07-08,3875.2412,3875.2412,3784.8887,3806.6229
2019-07-09,3815.3043,3849.5529,3799.093,3849.5529
2019-07-10,3842.3054,3842.3054,3801.9013,3808.9037
2019-07-11,3808.7963,3840.7835,3798.5622,3839.8483
2019-07-12,3848.1705,3848.1705,3800.8031,3803.2911
2019-07-15,3815.6504,3815.6504,3765.2436,3780.355
2019-07-16,3774.2834,3784.9394,3740.2449,3740.2449
2019-07-17,3757.5855,3789.9979,3747.5245,3747.5245
2019-07-18,3745.0023,3762.5483,3738.92,3761.3025
2019-07-19,3760.1544,3786.741,3750.8326,3784.9171
2019-07-22,3802.4706,3808.8333,3704.7767,3704.7767
2019-07-23,3706.0612,3709.7969,3665.3858,3676.5587
2019-07-24,3684.5395,3684.5395,3602.3974,3603.1385
2019-07-25,3581.5722,3596.6051,3557.3387,3588.6358
2019-07-26,3593.3231,3618.6815,3580.7253,3615.6924
2019-07-29,3632.4322,3633.1967,3551.2935,3562.0578
2019-07-30,3571.434,3571.434,3505.9762,3505.9762
2019-07-31,3506.2223,3546.9025,3506.2223,3546.3279
2019-08-01,3526.2213,3533.9338,3508.9471,3512.8446
2019-08-02,3488.2756,3518.7565,3465.8228,3514.8452
2019-08-05,3516.5495,3613.5419,3516.5495,3603.3633
2019-08-06,3616.3034,3659.0744,3616.3034,3654.9366
2019-08-07,3662.4699,3662.4699,3586.1541,3640.8008
2019-08-08,3644.7687,3698.9622,3641.7481,3698.9622
2019-08-09,3700.8805,3784.8563,3700.8805,3782.4217
2019-08-12,3776.8138,3794.1372,3749.6808,3779.4587
2019-08-13,3768.2152,3820.057,3766.1158,3785.246
2019-08-14,3771.9685,3785.8501,3732.0608,3756.1538
2019-08-15,3760.0697,3834.5928,3754.7814,3815.9003
2019-08-16,3813.5459,3839.5325,3781.0989,3816.11
2019-08-19,3802.6379,3807.7878,3782.3707,3782.3707
2019-08-20,3806.7132,3811.0694,3723.888,3740.2538
2019-08-21,3727.3974,3774.219,3727.3974,3769.64
2019-08-22,3749.0744,3786.2262,3711.0755,3760.9088
2019-08-23,3774.8783,3780.149,3754.4968,3767.257
2019-08-26,3760.3941,3764.8463,3716.0224,3729.2482
2019-08-27,3739.7369,3741.2697,3704.2623,3741.2697
2019-08-28,3756.35,3756.35,3687.4533,3687.4533
2019-08-29,3673.8045,3674.9286,3644.1261,3660.2891
2019-08-30,3650.3639,3714.2901,3641.9011,3673.241
2019-09-02,3663.0591,3663.4711,3651.1876,3654.4951
2019-09-03,3658.4494,3658.4494,3636.3847,3655.24
2019-09-04,3669.5029,3673.4575,3629.5518,3629.5518
2019-09-05,3618.6262,3618.6262,3558.6097,3559.1977
2019-09-06,3554.4678,3577.5321,3538.0911,3568.652
2019-09-09,3569.2061,3569.351,3518.6667,3529.8519
2019-09-10,3529.4476,3529.4476,3449.5223,3507.1293
2019-09-11,3532.0003,3534.7658,3496.8948,3504.9329
2019-09-12,3501.6984,3511.9701,3483.0339,3495.1233
2019-09-13,3494.8167,3494.8167,3445.5726,3445.5726
2019-09-16,3457.8587,3457.8587,3391.3251,3401.9896
2019-09-17,3407.5512,3459.4098,3394.5777,3459.4098
2019-09-18,3450.2861,3459.543,3430.5033,3453.3435
2019-09-19,3442.9845,3442.9845,3413.2565,3416.9022
2019-09-20,3419.8303,3511.2778,3419.8303,3511.2778
2019-09-23,3499.2694,3520.6101,3468.7901,3469.4569
2019-09-24,3476.7148,3521.2746,3476.7148,3493.5913
2019-09-25,3485.0751,3543.26,3485.0751,3498.6787
2019-09-26,3502.5237,3551.3793,3494.2269,3548.0424
2019-09-27,3545.0792,3572.6441,3525.3467,3525.3467
2019-09-30,3532.2275,3623.0165,3532.2275,3623.0165
2019-10-01,3598.3245,3694.9858,3596.4512,3665.3753
2019-10-02,3655.1436,3670.4305,3623.8929,3649.4624
2019-10-03,3653.7483,3708.0192,3653.7483,3681.974
2019-10-04,3693.439,3716.864,3665.1942,3708.2771
2019-10-07,3686.8356,3695.7372,3652.4207,3684.718
2019-10-08,3655.751,3693.4377,3642.6928,3673.2616
2019-10-09,3668.7902,3686.6904,3659.9629,3665.26
2019-10-10,3660.7848,3703.9617,3642.5592,3703.9617
2019-10-11,3699.0637,3716.1052,3680.8492,3703.2789
2019-10-14,3705.8423,3716.8748,3693.1105,3700.6127
2019-10-15,3711.9761,3731.159,3700.3375,3719.3846
2019-10-16,3718.4533,3721.1918,3677.7884,3677.7884
2019-10-17,3676.0718,3676.0718,3632.3618,3638.4169
2019-10-18,3638.4457,3638.4457,3590.8676,3617.3242
2019-10-21,3636.0955,3636.1149,3586.9392,3593.0715
2019-10-22,3592.7654,3628.0434,3592.7654,3622.0828
2019-10-23,3622.3382,3654.7853,3622.3382,3654.7853
2019-10-24,3665.3301,3679.3585,3646.2591,3679.3585
2019-10-25,3698.1062,3698.1062,3652.693,3658.3565
2019-10-28,3665.2242,3665.2242,3629.2396,3629.2396
2019-10-29,3628.1082,3628.1082,3601.5932,3607.5897
2019-10-30,3592.9278,3639.0121,3592.9278,3627.2033
2019-10-31,3636.999,3639.4062,3577.7982,3598.4175
2019-11-01,3587.7511,3603.0142,3565.3494,3598.5468
2019-11-04,3578.4742,3629.4144,3573.8915,3621.7631
2019-11-05,3618.211,3626.651,3597.034,3604.4184
2019-11-06,3622.0847,3622.0847,3530.3133,3545.4176
2019-11-07,3528.5582,3568.3823,3509.6256,3568.3823
2019-11-08,3570.9249,3589.3436,3554.8814,3579.6544
2019-11-11,3559.1665,3565.242,3537.2327,3565.242
2019-11-12,3570.9031,3590.7677,3551.4568,3553.7716
2019-11-13,3541.8435,3579.7941,3533.3505,3579.7941
2019-11-14,3566.7421,3573.3202,3544.3863,3567.0739
2019-11-15,3576.2512,3578.551,3558.3191,3561.3274
2019-11-18,3549.7607,3549.7607,3507.127,3528.2866
2019-11-19,3529.9847,3584.8821,3529.9847,3584.8821
2019-11-20,3590.3515,3594.6114,3563.8953,3582.7798
2019-11-21,3585.5701,3603.1932,3563.1325,3603.1932
2019-11-22,3603.3376,3608.5839,3566.1278,3583.8763
2019-11-25,3588.8756,3594.0009,3568.2896,3587.4628
2019-11-26,3583.6959,3594.1855,3560.5194,3560.5194
2019-11-27,3560.8368,3595.1851,3560.8368,3587.9423
2019-11-28,3586.0129,3614.5147,3586.0129,3614.3672
2019-11-29,3599.9122,3599.9122,3538.4782,3543.2497
2019-12-02,3548.0485,3555.7806,3524.2568,3525.4906
2019-12-03,3539.4033,3543.9229,3495.2406,3509.1577
2019-12-04,3535.9494,3535.9494,3480.3197,3490.9239
2019-12-05,3486.3662,3492.145,3435.612,3444.9708
2019-12-06,3457.3088,3497.0884,3443.0742,3477.6792
2019-12-09,3496.8518,3498.1896,3419.0861,3427.0962
2019-12-10,3435.4757,3479.0877,3435.4757,3479.0877
2019-12-11,3479.7637,3538.5398,3475.7316,3527.277
2019-12-12,3523.2331,3559.1799,3505.3244,3513.1892
2019-12-13,3526.6593,3526.6593,3484.0026,3493.8866
2019-12-16,3493.7441,3523.1398,3490.2516,3523.1398
2019-12-17,3520.1521,3546.6834,3513.3897,3543.405
2019-12-18,3555.0954,3555.0954,3499.4506,3499.4506
2019-12-19,3512.5954,3512.5954,3478.4222,3478.4222
2019-12-20,3454.8082,3463.493,3432.0018,3433.7547
2019-12-23,3462.6935,3493.4438,3462.6935,3487.6291
2019-12-24,3495.0253,3499.4012,3455.3427,3455.3427
2019-12-25,3463.6442,3465.9244,3403.6504,3409.2019
2019-12-26,3395.7706,3427.3895,3387.9579,3420.1993
2019-12-27,3424.1522,3455.1313,3414.8983,3447.939
2019-12-30,3444.2879,3473.3442,3434.7288,3473.3442
2019-12-31,3481.4239,3509.456,3476.9814,3480.2096
2020-01-01,3471.4977,3471.4977,3432.7712,3432.7712
2020-01-02,3436.9946,3457.0232,3397.8248,3397.8248
2020-01-03,3409.0143,3410.2742,3372.3429,3390.0942
2020-01-06,3396.3625,3427.8265,3396.2573,3407.2122
2020-01-07,3414.0056,3448.797,3403.1854,3446.6758
2020-01-08,3446.0723,3474.5971,3425.7346,3425.7346
2020-01-09,3424.3875,3432.1729,3403.6359,3431.0757
2020-01-10,3434.9102,3458.4846,3432.12,3454.4173
2020-01-13,3447.9806,3505.0234,3447.9806,3505.0234
2020-01-14,3511.5296,3531.6217,3501.8031,3522.715
2020-01-15,3531.2111,3531.2111,3464.9766,3464.9766
2020-01-16,3461.8533,3472.4033,3449.8568,3466.8642
2020-01-17,3489.6632,3507.1012,3469.5492,3489.8709
2020-01-20,3492.098,3506.5332,3481.5049,3489.7337
2020-01-21,3501.1135,3517.6834,3481.9557,3491.5147
2020-01-22,3504.8367,3530.9376,3485.5519,3530.9376
2020-01-23,3518.9034,3534.6372,3498.2465,3498.2465
2020-01-24,3487.3018,3532.6865,3487.3018,3501.8865
2020-01-27,3508.0131,3512.9913,3484.0679,3506.3007
2020-01-28,3519.5579,3540.7087,3508.8985,3508.8985
2020-01-29,3515.3213,3515.3213,3463.285,3482.0578
2020-01-30,3471.9476,3518.4616,3459.8874,3518.4616
2020-01-31,3537.8781,3539.2875,3477.7691,3477.7691
2020-02-03,3469.7105,3506.9108,3469.7105,3492.2594
2020-02-04,3493.7717,3495.7542,3471.9007,3482.3662
2020-02-05,3472.5588,3476.1156,3451.9479,3476.1156
2020-02-06,3472.8256,3480.594,3421.2825,3421.2825
2020-02-07,3426.5593,3442.9757,3403.3007,3433.979
2020-02-10,3433.9126,3433.9126,3399.6587,3427.4504
2020-02-11,3409.8466,3475.2468,3408.3165,3475.2468
2020-02-12,3490.3179,3493.1532,3471.808,3482.8298
2020-02-13,3487.1031,3495.3675,3458.4425,3462.9512
2020-02-14,3452.748,3477.7453,3440.3068,3440.3068
2020-02-17,3443.815,3472.7975,3443.815,3460.4515
2020-02-18,3469.5598,3469.5598,3434.1759,3456.4847
2020-02-19,3458.4842,3483.1254,3449.1758,3483.1254
2020-02-20,3489.0886,3489.0886,3435.1099,3435.1099
2020-02-21,3436.4015,3447.8144,3419.1146,3447.5745
2020-02-24,3447.9007,3474.8827,3439.0597,3452.1461
2020-02-25,3454.3336,3454.3336,3427.0645,3433.1934
2020-02-26,3447.9757,3447.9757,3430.0048,3438.157
2020-02-27,3430.1062,3430.1062,3407.5741,3408.3072
2020-02-28,3416.8055,3421.733,3384.3901,3407.7763
2020-03-02,3401.4754,3402.9631,3373.9547,3384.8686
2020-03-03,3396.5861,3422.6914,3393.5319,3404.0731
2020-03-04,3388.7389,3399.3667,3364.2427,3395.2167
2020-03-05,3397.3535,3428.2658,3393.6966,3393.6966
2020-03-06,3398.6825,3425.3704,3393.5387,3413.4539
2020-03-09,3398.6552,3398.6552,3363.5679,3372.0638
2020-03-10,3384.9457,3413.4551,3380.9718,3413.4551
2020-03-11,3398.8678,3464.1004,3398.8678,3459.4871
2020-03-12,3448.9721,3488.1978,3446.511,3461.6757
2020-03-13,3460.4092,3494.6685,3460.4092,3479.5712
2020-03-16,3477.6341,3480.9154,3445.363,3446.3197
2020-03-17,3452.4331,3460.0052,3418.5074,3428.5199
2020-03-18,3438.3601,3438.3601,3386.8269,3398.2371
2020-03-19,3387.518,3434.2309,3387.518,3409.4735
2020-03-20,3409.8714,3439.9301,3409.8714,3429.0223
2020-03-23,3413.1699,3475.5354,3413.1699,3475.5354
2020-03-24,3481.3728,3535.3609,3480.8127,3523.8853
2020-03-25,3516.2972,3529.4395,3511.2057,3519.6691
2020-03-26,3513.7827,3534.6535,3510.8859,3521.8033
2020-03-27,3508.3957,3551.2169,3500.741,3549.4796
2020-03-30,3552.0959,3566.8381,3526.2477,3566.8381
2020-03-31,3560.5297,3583.9116,3553.1271,3569.8366
2020-04-01,3566.2784,3621.4689,3566.2784,3619.041
2020-04-02,3625.0049,3659.0068,3623.8282,3656.4142
2020-04-03,3651.9165,3700.4674,3651.9165,3700.4674
2020-04-06,3731.2026,3731.2026,3689.6883,3694.8979
2020-04-07,3708.311,3721.5892,3674.6701,3674.6701
2020-04-08,3667.3396,3667.3396,3634.2775,3637.7796
2020-04-09,3637.2917,3637.2917,3583.3246,3591.2607
2020-04-10,3584.316,3594.0818,3538.1291,3538.1291
2020-04-13,3551.2667,3565.6459,3529.4612,3549.6289
2020-04-14,3548.0602,3575.0275,3548.0602,3575.0275
2020-04-15,3562.5111,3586.3171,3560.2857,3577.3391
2020-04-16,3573.4641,3577.3845,3534.0908,3534.0908
2020-04-17,3521.4497,3599.7773,3512.3061,3593.6738
2020-04-20,3586.3307,3614.634,3569.9651,3614.634
2020-04-21,3610.883,3656.4409,3610.883,3638.9499
2020-04-22,3655.6786,3716.2745,3655.6786,3703.0607
2020-04-23,3703.2979,3712.2455,3684.619,3685.8879
2020-04-24,3691.0349,3705.9659,3646.8008,3646.8008
2020-04-27,3659.8548,3699.2346,3653.4199,3670.6948
2020-04-28,3662.6868,3689.5354,3657.4009,3682.1918
2020-04-29,3669.3583,3704.6808,3669.3583,3679.7811
2020-04-30,3682.4088,3688.133,3643.539,3643.539
2020-05-01,3639.4012,3641.1516,3585.0884,3585.0884
2020-05-04,3572.5931,3619.6727,3572.5931,3619.6727
2020-05-05,3620.7593,3654.1746,3610.2796,3621.4175
2020-05-06,3617.2728,3672.2939,3612.7181,3642.1564
2020-05-07,3643.342,3694.2839,3643.342,3694.2839
2020-05-08,3696.3952,3699.9196,3665.0145,3677.9623
2020-05-11,3657.6391,3660.2278,3631.6157,3631.6157
2020-05-12,3644.5592,3687.8783,3623.2372,3681.6831
2020-05-13,3698.8316,3713.0774,3642.9904,3642.9904
2020-05-14,3651.0185,3700.5483,3651.0185,3681.3476
2020-05-15,3678.6377,3680.4861,3640.6421,3640.6421
2020-05-18,3641.0123,3649.6136,3593.1635,3593.1635
2020-05-19,3589.7005,3619.1167,3581.0426,3590.7952
2020-05-20,3569.4062,3656.9877,3569.4062,3651.1562
2020-05-21,3651.6253,3677.0019,3641.489,3650.494
2020-05-22,3658.9423,3658.9423,3638.379,3638.7504
2020-05-25,3615.851,3623.2878,3579.7108,3588.8649
2020-05-26,3593.0381,3621.9495,3552.4775,3562.8186
2020-05-27,3570.0935,3609.4233,3562.9308,3606.2275
2020-05-28,3617.4721,3672.9055,3617.4721,3635.979
2020-05-29,3649.0267,3673.3699,3646.1053,3669.8258
2020-06-01,3661.1761,3661.1761,3636.6827,3648.2939
2020-06-02,3630.0169,3689.2423,3630.0169,3685.0852
2020-06-03,3666.7578,3666.7578,3605.5008,3621.8128
2020-06-04,3639.6705,3648.0963,3604.5003,3604.5003
2020-06-05,3595.5103,3595.5103,3524.3602,3524.3602
2020-06-08,3521.6263,3553.191,3512.1273,3535.4057
2020-06-09,3526.5918,3536.1514,3509.2337,3536.1514
2020-06-10,3524.2052,3549.1597,3511.2575,3511.6086
2020-06-11,3517.4422,3554.6455,3517.4422,3525.0861
2020-06-12,3507.0461,3526.9466,3484.1874,3519.8131
2020-06-15,3522.2366,3567.4743,3510.5964,3562.1777
2020-06-16,3570.6953,3575.0605,3542.6054,3575.0605
2020-06-17,3576.699,3579.4408,3546.7295,3574.1784
2020-06-18,3577.3828,3577.3828,3528.4201,3528.6641
2020-06-19,3497.9983,3529.3795,3497.1244,3519.7195
2020-06-22,3540.6128,3549.4287,3497.9191,3498.8105
2020-06-23,3489.6137,3503.1742,3454.4941,3463.4066
2020-06-24,3456.5738,3456.5738,3415.5478,3416.6571
2020-06-25,3408.164,3480.4353,3408.164,3480.4353
2020-06-26,3476.3927,3545.6057,3476.3927,3538.0362
2020-06-29,3548.8164,3602.6278,3547.2165,3598.8159
2020-06-30,3599.6564,3608.7269,3549.3459,3596.0869
2020-07-01,3580.2547,3645.8191,3580.2547,3641.0857
2020-07-02,3637.4549,3637.4549,3573.8075,3586.5744
2020-07-03,3598.7728,3613.6858,3580.6453,3608.3469
2020-07-06,3597.1769,3655.5989,3597.1769,3641.4957
2020-07-07,3640.3707,3648.1946,3619.5584,3632.1552
2020-07-08,3641.1173,3641.6079,3563.1968,3563.1968
2020-07-09,3586.6948,3598.7539,3555.7978,3591.1091
2020-07-10,3591.7378,3673.1087,3591.7378,3657.7547
2020-07-13,3666.8727,3711.0996,3666.8727,3711.0996
2020-07-14,3731.7866,3741.1528,3689.0007,3698.5523
2020-07-15,3679.153,3717.425,3669.9201,3694.3834
2020-07-16,3695.6674,3725.9218,3673.1209,3719.0745
2020-07-17,3729.7125,3752.1187,3707.201,3714.8358
2020-07-20,3719.417,3740.2983,3688.9507,3697.7876
2020-07-21,3677.5076,3689.8443,3642.2468,3652.1876
2020-07-22,3630.0441,3644.0751,3608.0092,3627.3238
2020-07-23,3638.1669,3683.2052,3622.5221,3681.8195
2020-07-24,3686.6685,3733.716,3686.6685,3732.7832
2020-07-27,3736.9868,3793.4583,3736.9868,3765.7242
2020-07-28,3772.202,3781.4954,3713.406,3713.406
2020-07-29,3699.9155,3794.1623,3699.9155,3776.4868
2020-07-30,3761.0062,3818.2842,3732.8377,3818.2842
2020-07-31,3831.5324,3838.7987,3752.8633,3752.8633
2020-08-03,3766.0436,3835.0528,3766.0436,3794.5905
2020-08-04,3782.1389,3784.0289,3719.2225,3719.2225
2020-08-05,3723.5668,3727.2052,3627.5025,3627.5025
2020-08-06,3630.5313,3670.1824,3629.7538,3670.1824
2020-08-07,3653.5187,3653.5187,3600.5285,3609.2074
2020-08-10,3622.1883,3642.0116,3601.7522,3626.9817
2020-08-11,3629.2445,3640.3871,3587.0337,3612.2529
2020-08-12,3613.9221,3641.7221,3603.2534,3612.9247
2020-08-13,3601.3861,3619.3862,3594.1099,3609.9341
2020-08-14,3615.6952,3618.9015,3544.2594,3549.0825
2020-08-17,3543.5337,3569.9436,3513.9833,3569.9436
2020-08-18,3574.7137,3627.301,3552.7189,3618.7855
2020-08-19,3631.1497,3631.1497,3571.3695,3581.0826
2020-08-20,3590.8924,3590.8924,3545.3611,3556.8028
2020-08-21,3539.9251,3585.438,3532.2677,3585.438
2020-08-24,3594.7334,3631.9678,3587.9725,3609.0649
2020-08-25,3621.868,3621.868,3586.8545,3608.2953
2020-08-26,3628.8112,3685.2722,3628.8112,3643.2715
2020-08-27,3664.659,3664.659,3598.2616,3617.4389
2020-08-28,3603.3824,3641.2738,3584.2907,3607.628
2020-08-31,3625.8115,3625.8115,3536.1063,3536.1063
2020-09-01,3535.6522,3581.5717,3517.6568,3517.6568
2020-09-02,3530.7632,3536.8675,3466.5403,3466.5403
2020-09-03,3469.7233,3497.9742,3461.7503,3479.5657
2020-09-04,3473.0988,3489.7417,3443.8412,3489.7417
2020-09-07,3498.61,3509.1569,3462.0917,3506.7987
2020-09-08,3510.041,3511.0612,3483.9291,3511.0612
2020-09-09,3495.0641,3501.4729,3458.128,3458.128
2020-09-10,3442.8706,3448.644,3409.4206,3409.4206
2020-09-11,3406.4787,3452.7134,3406.4787,3452.7134
2020-09-14,3457.413,3474.6009,3425.1039,3474.6009
2020-09-15,3485.2027,3538.0835,3485.2027,3522.3015
2020-09-16,3516.4319,3521.274,3437.9344,3481.554
2020-09-17,3482.2456,3548.9693,3474.2828,3507.9686
2020-09-18,3511.5845,3535.9313,3483.2718,3494.4545
2020-09-21,3478.6381,3496.9134,3437.3218,3443.6405
2020-09-22,3451.173,3451.173,3408.2913,3424.0839
2020-09-23,3419.3865,3419.3865,3338.7392,3386.6528
2020-09-24,3384.184,3384.184,3339.9619,3339.9619
2020-09-25,3331.1533,3334.0672,3291.0284,3297.0847
2020-09-28,3292.6376,3320.6256,3277.7118,3320.6256
2020-09-29,3315.6885,3355.6946,3314.8994,3355.6946
2020-09-30,3343.4348,3402.7415,3343.4348,3385.6972
2020-10-01,3382.3655,3399.9001,3378.0285,3398.3619
2020-10-02,3390.6125,3409.9918,3345.8079,3370.5914
2020-10-05,3359.4599,3369.3601,3337.7402,3369.3601
2020-10-06,3359.2652,3372.5453,3343.957,3360.2656
2020-10-07,3351.9176,3355.0982,3338.2446,3342.0231
2020-10-08,3333.6501,3384.3161,3333.6501,3376.0831
2020-10-09,3381.8926,3389.0226,3356.6561,3356.6561
2020-10-12,3340.6232,3366.7094,3332.7077,3361.0406
2020-10-13,3370.6848,3378.7017,3344.461,3370.0366
2020-10-14,3379.1475,3386.3503,3338.6371,3340.9988
2020-10-15,3342.8979,3365.585,3336.0532,3365.3753
2020-10-16,3350.1774,3364.1397,3324.4565,3364.1397
2020-10-19,3361.1609,3368.1886,3341.3589,3341.3589
2020-10-20,3343.5311,3343.5311,3315.2901,3326.6353
2020-10-21,3335.1158,3357.3762,3330.2037,3346.6759
2020-10-22,3349.2732,3362.5492,3312.8299,3312.8299
2020-10-23,3302.2293,3357.8868,3302.2293,3336.0434
2020-10-26,3338.1606,3360.4835,3332.8559,3332.8559
2020-10-27,3321.0749,3321.0749,3255.7754,3275.8453
2020-10-28,3271.3341,3312.0493,3265.5615,3312.0493
2020-10-29,3320.4718,3320.4718,3242.5146,3242.5146
2020-10-30,3247.0242,3283.4474,3247.0242,3267.9109
2020-11-02,3277.0785,3277.0785,3223.0736,3231.9685
2020-11-03,3231.5358,3303.1804,3231.5358,3303.1804
2020-11-04,3306.9857,3372.03,3306.4897,3368.7917
2020-11-05,3398.6486,3437.1946,3387.4259,3437.1946
2020-11-06,3426.2717,3426.2717,3364.7287,3388.3759
2020-11-09,3401.6305,3478.1906,3394.4458,3478.1906
2020-11-10,3476.8294,3519.4993,3471.1353,3493.3056
2020-11-11,3483.057,3483.057,3406.34,3406.34
2020-11-12,3435.2273,3513.124,3428.361,3513.124
2020-11-13,3513.2267,3541.7397,3446.5121,3463.1806
2020-11-16,3481.0158,3481.3576,3401.3601,3401.3601
2020-11-17,3400.6249,3407.3754,3344.5636,3355.7398
2020-11-18,3361.1373,3403.0128,3339.6182,3339.6182
2020-11-19,3318.5719,3380.6415,3318.5719,3357.6266
2020-11-20,3362.5407,3393.5716,3347.725,3393.5716
2020-11-23,3388.9573,3419.8981,3372.1076,3373.1867
2020-11-24,3363.5096,3374.6483,3337.2117,3367.7834
2020-11-25,3355.9832,3372.928,3319.1163,3322.5558
2020-11-26,3324.7922,3344.0724,3310.8394,3342.5289
2020-11-27,3340.6852,3366.3484,3319.9622,3329.0329
2020-11-30,3325.9253,3344.5892,3296.7528,3315.8646
2020-12-01,3329.8388,3354.7002,3325.5106,3352.2625
2020-12-02,3364.1313,3404.2937,3363.347,3404.2937
2020-12-03,3392.819,3431.5745,3381.3954,3427.0751
2020-12-04,3402.7362,3479.1452,3402.7362,3464.3712
2020-12-07,3464.1879,3503.4084,3464.1879,3479.2349
2020-12-08,3487.9041,3499.836,3471.9098,3489.1077
2020-12-09,3475.4826,3514.1451,3459.828,3514.1451
2020-12-10,3501.5862,3538.1606,3501.5862,3538.1606
2020-12-11,3542.5916,3555.9016,3512.9092,3518.6383
2020-12-14,3514.783,3540.3926,3500.2915,3528.2705
2020-12-15,3527.6148,3527.6148,3476.6756,3488.1492
2020-12-16,3479.8796,3491.76,3448.9315,3491.76
2020-12-17,3488.6764,3488.6764,3450.5531,3475.2397
2020-12-18,3475.219,3512.4305,3470.5523,3512.4305
2020-12-21,3512.2029,3569.5661,3512.2029,3565.5757
2020-12-22,3567.5309,3612.216,3567.5309,3607.9948
2020-12-23,3608.6723,3644.9241,3588.5377,3630.8804
2020-12-24,3621.5545,3718.3834,3621.5545,3718.3834
2020-12-25,3731.7977,3778.1262,3727.2571,3746.0616
2020-12-28,3731.6096,3798.3173,3731.6096,3750.4117
2020-12-29,3738.6121,3792.9249,3725.5008,3779.7329
2020-12-30,3783.6359,3797.1962,3759.3135,3775.3038
2020-12-31,3790.8003,3845.0754,3755.4201,3845.0754
2021-01-01,3834.2981,3873.1616,3830.2846,3867.0902
2021-01-04,3861.9926,3892.5589,3824.496,3891.232
2021-01-05,3886.4527,4015.6567,3886.4527,4015.6567
2021-01-06,4003.5459,4003.5459,3955.9181,3966.264
2021-01-07,3993.3272,4050.8926,3980.0864,4030.6928
2021-01-08,4042.8553,4068.8428,4033.0629,4033.9624
2021-01-11,4028.7076,4040.8385,3933.5598,3933.5598
2021-01-12,3956.1037,3956.1037,3881.8198,3881.8198
2021-01-13,3868.4188,3923.9138,3868.4188,3900.9559
2021-01-14,3899.0137,3916.5616,3842.1673,3849.0169
2021-01-15,3848.501,3867.331,3843.8682,3864.6447
2021-01-18,3890.6999,3939.6405,3890.6999,3914.1665
2021-01-19,3948.8888,4039.0406,3948.8888,4037.747
2021-01-20,4027.8793,4063.4936,3988.6593,3988.6593
2021-01-21,3950.3622,3987.0301,3927.5854,3987.0301
2021-01-22,3969.7145,4048.0734,3969.7145,4048.0734
2021-01-25,4030.4206,4042.2936,3982.2794,3982.2794
2021-01-26,3966.5906,4031.7742,3966.239,4010.1076
2021-01-27,4001.0658,4003.5974,3919.6481,3919.6481
2021-01-28,3922.7316,3942.2469,3897.8757,3921.4133
2021-01-29,3910.8885,3914.0578,3824.6373,3824.6373
2021-02-01,3830.1805,3830.1805,3768.6099,3788.9613
2021-02-02,3780.7637,3825.2917,3761.3846,3761.3846
2021-02-03,3731.9968,3788.3249,3731.9968,3788.3249
2021-02-04,3823.5131,3823.5131,3688.645,3688.645
2021-02-05,3690.2172,3690.2172,3640.9357,3657.2115
2021-02-08,3653.571,3746.7763,3653.571,3746.7763
2021-02-09,3746.9091,3794.228,3729.4575,3794.228
2021-02-10,3784.3777,3842.5522,3768.5866,3832.2306
2021-02-11,3855.2775,3877.6521,3801.1719,3801.1719
2021-02-12,3804.6433,3804.6433,3747.6163,3748.5231
2021-02-15,3738.3051,3821.2034,3738.3051,3821.2034
2021-02-16,3827.6022,3827.6022,3772.1475,3793.761
2021-02-17,3794.7161,3879.2005,3794.7161,3850.7958
2021-02-18,3855.5852,3964.2755,3848.6604,3928.6577
2021-02-19,3940.7225,3954.854,3914.1476,3923.7446
2021-02-22,3948.603,3959.8431,3868.2531,3923.2766
2021-02-23,3908.7006,3914.1892,3816.3999,3889.4273
2021-02-24,3895.3099,3909.7598,3863.4096,3873.3365
2021-02-25,3874.8839,3874.8839,3831.3152,3831.3152
2021-02-26,3845.7286,3845.7286,3768.198,3768.198
2021-03-01,3776.0743,3777.1315,3724.4544,3777.1315
2021-03-02,3776.8492,3858.2904,3769.9434,3843.2943
2021-03-03,3838.6866,3838.6866,3734.5877,3764.5053
2021-03-04,3748.8811,3748.8811,3652.0508,3652.0508
2021-03-05,3652.5059,3652.5059,3612.7554,3646.2045
2021-03-08,3630.2043,3720.6519,3627.1055,3688.6005
2021-03-09,3712.056,3758.8334,3683.0779,3683.0779
2021-03-10,3687.5925,3719.3229,3649.5038,3661.1215
2021-03-11,3644.4717,3708.0444,3644.4717,3708.0444
2021-03-12,3705.9437,3705.9437,3576.6225,3576.6225
2021-03-15,3609.9761,3609.9761,3354.7083,3354.7083
2021-03-16,3349.8031,3401.7741,3289.3918,3401.7741
2021-03-17,3393.4465,3473.5563,3393.4465,3417.4677
2021-03-18,3428.3272,3519.3709,3417.5039,3481.2301
2021-03-19,3483.5287,3501.5889,3450.4722,3470.5808
2021-03-22,3475.8842,3492.9119,3401.6282,3416.7114
2021-03-23,3414.2376,3420.8898,3372.3898,3407.592
2021-03-24,3419.1392,3436.7734,3370.2223,3436.7734
2021-03-25,3438.4497,3465.3106,3412.9671,3453.5375
2021-03-26,3453.4605,3453.4605,3421.0735,3434.364
2021-03-29,3436.4625,3483.9598,3436.3054,3483.9598
2021-03-30,3484.9286,3513.3218,3462.9196,3462.9196
2021-03-31,3442.8471,3468.8728,3426.818,3449.509
2021-04-01,3432.9708,3562.6386,3422.9741,3562.6386
2021-04-02,3557.302,3652.5761,3553.0455,3553.0455
2021-04-05,3561.8097,3590.717,3515.2352,3590.717
2021-04-06,3602.1782,3621.7016,3509.9464,3522.9861
2021-04-07,3495.6519,3554.6371,3482.5603,3538.8654
2021-04-08,3538.2622,3579.0739,3528.1576,3573.326
2021-04-09,3552.1333,3574.528,3518.2033,3552.2266
2021-04-12,3570.0091,3649.2796,3570.0091,3648.5997
2021-04-13,3622.0209,3694.8724,3622.0209,3690.985
2021-04-14,3689.7101,3732.9911,3679.0458,3689.9664
2021-04-15,3697.4427,3697.4427,3581.7379,3581.7379
2021-04-16,3578.5208,3643.34,3578.5208,3621.9579
2021-04-19,3622.1349,3633.2103,3592.5281,3607.7213
2021-04-20,3639.7877,3707.0673,3636.4599,3707.0673
2021-04-21,3689.7873,3689.7873,3572.1794,3603.7601
2021-04-22,3598.2556,3651.0441,3592.6802,3648.8302
2021-04-23,3631.884,3687.4692,3631.884,3687.4692
2021-04-26,3671.5577,3682.905,3652.3731,3671.1362
2021-04-27,3656.4229,3682.9758,3635.8801,3656.2392
2021-04-28,3650.0659,3681.6826,3635.0289,3663.0446
2021-04-29,3637.066,3740.9028,3601.8385,3740.9028
2021-04-30,3728.9306,3779.8398,3725.9921,3777.7219
2021-05-03,3802.6373,3802.6373,3736.9657,3746.0923
2021-05-04,3722.2848,3812.245,3721.2241,3808.1516
2021-05-05,3807.5212,3807.5212,3719.3829,3720.7817
2021-05-06,3719.7216,3744.6082,3659.1073,3664.9343
2021-05-07,3637.6918,3710.3588,3637.6918,3665.8281
2021-05-10,3681.1202,3696.6802,3595.7286,3595.7286
2021-05-11,3611.0754,3611.0754,3568.7365,3586.2889
2021-05-12,3593.4628,3647.05,3570.3474,3647.05
2021-05-13,3638.136,3691.9239,3638.136,3654.7435
2021-05-14,3676.1898,3676.1898,3588.6375,3588.6375
2021-05-17,3610.2952,3629.063,3551.6211,3551.6211
2021-05-18,3566.3375,3572.6562,3506.2943,3506.2943
2021-05-19,3489.1498,3534.7521,3489.1498,3510.5839
2021-05-20,3515.012,3556.8192,3510.0386,3543.0543
2021-05-21,3539.575,3561.8424,3511.9513,3547.3378
2021-05-24,3543.004,3579.6082,3525.8069,3579.6082
2021-05-25,3576.0808,3621.9813,3576.0808,3606.437
2021-05-26,3599.9659,3657.2709,3580.7112,3656.8027
2021-05-27,3664.7858,3699.1595,3646.4649,3646.4649
2021-05-28,3641.022,3641.022,3598.3162,3613.8227
2021-05-31,3615.117,3615.117,3578.9222,3591.209
2021-06-01,3603.3965,3623.0779,3597.9274,3607.6585
2021-06-02,3588.8994,3668.1645,3583.8282,3659.9504
2021-06-03,3666.9494,3666.9494,3630.9339,3636.091
2021-06-04,3655.1233,3710.9471,3640.3874,3710.9471
2021-06-07,3722.5656,3800.0649,3721.3376,3800.0649
2021-06-08,3819.004,3880.7569,3816.1178,3874.5237
2021-06-09,3882.5654,3882.5654,3758.7468,3826.6556
2021-06-10,3805.5626,3820.7217,3766.8213,3775.2792
2021-06-11,3790.1351,3797.7284,3684.2977,3692.9803
2021-06-14,3710.9698,3731.0264,3668.5958,3670.989
2021-06-15,3689.5665,3702.3704,3675.284,3675.284
2021-06-16,3679.2192,3687.3924,3645.2967,3645.2967
2021-06-17,3623.5129,3675.2025,3608.0832,3673.945
2021-06-18,3643.6091,3764.4302,3641.9277,3764.4302
2021-06-21,3766.6768,3850.6872,3750.6946,3839.4531
2021-06-22,3852.3326,3915.7954,3852.3326,3865.6027
2021-06-23,3869.7413,3948.4453,3865.3188,3911.359
2021-06-24,3931.3732,4002.6104,3929.4841,3997.9307
2021-06-25,4017.509,4035.704,3985.9849,3985.9849
2021-06-28,4001.9545,4062.1402,3996.7917,4062.1402
2021-06-29,4080.552,4122.9265,4057.2657,4067.9787
2021-06-30,4097.023,4113.5027,4050.879,4060.1933
2021-07-01,4056.427,4127.7905,4056.427,4118.5979
2021-07-02,4121.6645,4121.6645,4064.3863,4091.212
2021-07-05,4088.9954,4167.2191,4087.2818,4167.2191
2021-07-06,4163.647,4166.2074,4129.5242,4139.7416
2021-07-07,4149.6852,4149.6852,4085.6975,4146.5952
2021-07-08,4141.7332,4179.8417,4115.0025,4120.565
2021-07-09,4105.9776,4170.0396,4103.0465,4152.3135
2021-07-12,4171.5306,4175.825,4103.3778,4133.3383
2021-07-13,4139.7117,4190.3254,4139.7117,4190.3254
2021-07-14,4169.6559,4174.6178,4150.6015,4168.8981
2021-07-15,4183.7151,4187.5031,4171.2156,4178.1265
2021-07-16,4178.723,4211.961,4178.723,4211.961
2021-07-19,4206.1632,4238.1,4174.5359,4176.8216
2021-07-20,4187.9755,4187.9755,4072.9471,4108.0289
2021-07-21,4093.5446,4123.1838,4070.9303,4078.2031
2021-07-22,4081.4736,4083.5366,4042.8207,4082.1531
2021-07-23,4074.9163,4128.4123,4073.3396,4115.6357
2021-07-26,4114.0349,4117.9134,4070.0124,4099.1338
2021-07-27,4098.21,4151.5113,4086.2231,4151.5113
2021-07-28,4129.6407,4145.2055,4116.0138,4117.0226
2021-07-29,4086.9257,4142.7475,4084.1309,4128.7947
2021-07-30,4117.3362,4157.148,4109.7389,4130.0502
2021-08-02,4120.9726,4179.9185,4120.6606,4172.614
2021-08-03,4195.42,4195.42,4145.1439,4146.05
2021-08-04,4137.756,4166.0001,4124.3255,4160.7215
2021-08-05,4158.6189,4160.6661,4080.2719,4080.2719
2021-08-06,4078.3343,4084.7056,4064.3837,4084.6096
2021-08-09,4076.3891,4086.4871,4005.5317,4009.4442
2021-08-10,3998.8361,4016.6539,3938.2272,3938.2272
2021-08-11,3957.7564,3957.7564,3908.132,3930.3298
2021-08-12,3936.1107,3962.4844,3933.2949,3954.8311
2021-08-13,3962.813,4014.2339,3947.431,4011.8775
2021-08-16,4031.0,4068.5432,4031.0,4063.5012
2021-08-17,4049.8284,4093.9428,4049.8284,4079.2495
2021-08-18,4095.6846,4120.5626,4095.6846,4097.0631
2021-08-19,4092.1021,4126.4612,4092.1021,4109.9497
2021-08-20,4094.4426,4104.0797,4066.7239,4104.0797
2021-08-23,4098.8023,4111.8636,4062.4379,4062.4379
2021-08-24,4069.4038,4069.4038,4011.7771,4011.7771
2021-08-25,4012.6507,4027.6825,3992.4928,4027.6825
2021-08-26,4038.7891,4042.5027,3985.055,3987.6178
2021-08-27,3985.9432,4032.4509,3981.3712,4018.4275
2021-08-30,4018.7878,4031.3956,3978.8551,3988.5095
2021-08-31,3977.3874,4011.4608,3977.3874,3999.6182
2021-09-01,4003.2816,4043.5147,3987.7706,4036.7315
2021-09-02,4032.7678,4099.8835,4018.7171,4099.8835
2021-09-03,4101.3215,4101.3215,4027.8165,4027.8165
2021-09-06,4037.6001,4050.999,4015.4852,4015.4852
2021-09-07,4013.4223,4013.4223,3955.1806,4002.5406
2021-09-08,4013.4343,4033.095,4006.7703,4033.095
