asset,config,fit_origin,fit_status,fallback,n_rows,n_equations,omega_store,alpha_store,beta_store,store_max_rel_residual,alpha_plus_beta_store,store_recursion_reproduced,omega_ref,alpha_ref,beta_ref,alpha_plus_beta_ref,fallback_ref,ref_max_rel_residual,beta_ref_pow_window,alpha_plus_beta_governing
BTC-USD,garch11_t,499,fallback=ewma|flag=8,True,21,20,-3.8697667122088227e-17,0.060000000000006382,0.94000000000001627,2.2422527863968587e-13,1.0000000000000226,True,2.3271767857021492e-11,0.059759611669529797,0.94024041620557197,1.0000000278751016,True,0.0010781814529710915,4.1634916140434104e-14,1.0000000278751016
BTC-USD,garch11_t,520,fallback=ewma|flag=8,True,21,20,-2.0190513962760305e-17,0.060000000000015929,0.93999999999999861,1.7531197601289774e-12,1.0000000000000147,True,2.3041171103374127e-11,0.060100937359714598,0.93989908977288361,1.0000000271325982,True,0.00061684572885369678,3.4722781602537955e-14,1.0000000271325982
BTC-USD,garch11_t,541,fallback=ewma|flag=8,True,21,20,1.6121244811516632e-16,0.059999999999956422,0.93999999999982653,8.462476909503919e-13,0.99999999999978295,True,2.1067278778121969e-11,0.070737594998227293,0.92926240970623275,1.0000000047044599,True,0.081439194331151932,1.1726941698344778e-16,1.0000000047044599
BTC-USD,garch11_t,562,fallback=ewma|flag=8,True,21,20,-1.3775061809365733e-17,0.05999999999995187,0.94000000000003592,4.2018769661288248e-13,0.99999999999998779,True,2.0789778249400174e-11,0.066409801342232302,0.93359020007751436,1.0000000014197468,True,0.0068083497989485106,1.1971322482479239e-15,1.0000000014197468
BTC-USD,garch11_t,583,fallback=ewma|flag=8,True,21,20,-3.7120179154433164e-17,0.06000000000000294,0.94000000000002393,1.3933141053169088e-12,1.0000000000000269,True,2.709857677040871e-11,0.070832659013538204,0.92917358342463319,1.0000062424381717,True,0.15608170444820746,1.1179621905572009e-16,1.0000062424381717
BTC-USD,garch11_t,604,fallback=ewma|flag=8,True,21,20,1.0286160758515126e-16,0.059999999999838183,0.93999999999994066,1.8770086100381129e-12,0.99999999999977884,True,2.0922193629577837e-11,0.059543086075473602,0.94045702044631263,1.0000001065217865,True,0.0012903059327181161,4.6717154975014342e-14,1.0000001065217865
BTC-USD,garch11_t,625,fallback=ewma|flag=8,True,21,20,-2.2247884384160251e-16,0.060000000000053455,0.94000000000004957,1.3126552361350079e-12,1.000000000000103,True,1.7528260869707574e-11,0.058964799848629998,0.94103520781062322,1.0000000076592532,True,0.0087204928264379925,6.3523759650740867e-14,1.0000000076592532
BTC-USD,garch11_t,646,fallback=ewma|flag=8,True,21,20,2.9285961055691717e-16,0.060000000000060116,0.93999999999983563,1.0634998536029317e-12,0.99999999999989575,True,1.6352932348056147e-11,0.062041704660325901,0.93795881437765083,1.0000005190379768,True,0.0043678241715466347,1.235618773146876e-14,1.0000005190379768
BTC-USD,garch11_t,667,fallback=ewma|flag=8,True,21,20,3.98648350695546e-17,0.059999999999992171,0.94000000000000083,5.8931276951142644e-13,0.99999999999999301,True,1.4234416378744008e-11,0.063177098383629601,0.93682290676524682,1.0000000051488764,True,0.018986743888578808,6.7414090867240241e-15,1.0000000051488764
BTC-USD,garch11_t,688,fallback=ewma|flag=8,True,21,20,-1.4110388596052488e-16,0.059999999999998055,0.94000000000004236,1.6610933002472027e-13,1.0000000000000404,True,3.3431547033087517e-06,0.075740798378659505,0.92425942522824323,1.0000002236069023,True,0.057060007766842773,7.8875843139076911e-18,1.0000002236069023
BTC-USD,garch11_t,709,ok|flag=0 nu=3.19793,False,21,20,5.1458133610637371e-06,0.081369463843639855,0.91863053615636026,6.9127699216134844e-16,1,True,5.1458133610646926e-06,0.081369463843639897,0.91863053615636003,1,False,4.1476619529680904e-16,3.7191084494561492e-19,1
BTC-USD,garch11_t,730,fallback=ewma|flag=8,True,21,20,9.4829658999375478e-17,0.059999999999997833,0.94000000000004358,5.472662372810624e-13,1.0000000000000413,True,5.554328121505279e-06,0.080763811591324702,0.91923618967084841,1.000000001262173,True,0.047766624638462943,5.1707904717049594e-19,1.000000001262173
BTC-USD,garch11_t,751,ok|flag=0 nu=3.14142,False,21,20,7.4859669203896371e-06,0.086085442050452765,0.91391455795032073,9.0223832430562466e-16,1.0000000000007736,True,7.4859669203897345e-06,0.086085442050452696,0.91391455795032039,1.0000000000007729,False,5.1556475674607121e-16,2.8365972535524964e-20,1.0000000000007729
BTC-USD,garch11_t,772,fallback=ewma|flag=8,True,21,20,-2.3811135136970234e-17,0.060000000000000608,0.94000000000002903,1.4937611234445967e-13,1.0000000000000298,True,9.858901725589252e-06,0.089525307807262797,0.9104746990383864,1.0000000068456492,True,0.046566613133233452,4.3046802429909401e-21,1.0000000068456492
BTC-USD,garch11_t,793,ok|flag=0 nu=2.95467,False,21,20,7.01635529223431e-06,0.083229305840686663,0.916770694159314,6.2694014149093814e-15,1.0000000000000007,True,7.0163552922307439e-06,0.083229305840686302,0.91677069415931356,1,False,4.6637103686505693e-16,1.3500846866665917e-19,1
BTC-USD,garch11_t,814,ok|flag=0 nu=2.89695,False,21,20,1.1573587427981911e-05,0.089744670212446143,0.91025532978752677,1.1627178711230803e-13,0.99999999999997291,True,1.1573587427892646e-05,0.089744670212446198,0.91025532978752643,0.9999999999999728,False,5.3787498289274445e-16,3.8160605901887174e-21,0.9999999999999728
BTC-USD,garch11_t,835,ok|flag=0 nu=2.92536,False,21,20,1.1458739290634396e-05,0.090740524356406893,0.90925947605089164,1.1066635515080719e-12,1.0000000004072986,True,1.1458739290015968e-05,0.090740524356407004,0.90925947605089164,1.0000000004072986,False,4.4421350957963933e-16,2.207587486694309e-21,1.0000000004072986
BTC-USD,garch11_t,856,ok|flag=0 nu=2.88046,False,21,20,1.5241576356951316e-05,0.094419827489700459,0.90558017251029388,4.743144833648035e-14,0.99999999999999434,True,1.5241576356919427e-05,0.094419827489700403,0.90558017251029321,0.99999999999999378,False,5.4433125759453441e-16,2.9070505282317683e-22,0.99999999999999378
BTC-USD,garch11_t,877,ok|flag=0 nu=2.83112,False,21,20,1.6701874552754019e-05,0.094732952316746388,0.90526704768325383,3.378084808169465e-13,1.0000000000000002,True,1.6701874552478093e-05,0.094732952316746305,0.90526704768325394,1.0000000000000004,False,9.1945794984543979e-16,2.4454344527814143e-22,1.0000000000000004
BTC-USD,garch11_t,898,ok|flag=0 nu=2.84722,False,21,20,1.4157327713056185e-05,0.085433527058151548,0.91456647340590891,4.1579158813313837e-14,1.0000000004640603,True,1.4157327713028409e-05,0.085433527058151604,0.91456647340590802,1.0000000004640597,False,4.2782775156649272e-16,4.0517103035243505e-20,1.0000000004640597
BTC-USD,garch11_t,919,ok|flag=0 nu=2.77204,False,21,20,3.2876776127717638e-05,0.10369458772063156,0.89630541227935867,3.9751759776942937e-15,0.99999999999999023,True,3.2876776127721162e-05,0.1036945877206316,0.89630541227935878,0.99999999999999045,False,6.2810533228410654e-16,1.6904776930506122e-24,0.99999999999999045
BTC-USD,garch11_t,940,fallback=ewma|flag=8,True,21,20,3.8782618145224929e-17,0.060000000000002829,0.93999999999999773,9.8843950059585788e-14,1.0000000000000004,True,0.00010337902070919999,0.14271749933863409,0.85728253409847388,1.000000033437108,True,0.079265528156416479,3.6474373834799734e-34,1.000000033437108
BTC-USD,garch11_t,961,ok|flag=0 nu=2.60806,False,21,20,9.7794527622210807e-05,0.14089290073100968,0.85910709926899065,8.9412898071551655e-16,1.0000000000000004,True,9.7794527622209126e-05,0.1408929007310096,0.85910709926899076,1.0000000000000004,False,3.8624747635151898e-16,1.055975715805155e-33,1.0000000000000004
BTC-USD,garch11_t,982,ok|flag=0 nu=2.53279,False,21,20,0.00010639249483531984,0.13403861342413315,0.8659613865758673,1.0056109269170066e-15,1.0000000000000004,True,0.00010639249483529999,0.13403861342413301,0.86596138657586685,1,False,1.2446502564970641e-14,5.6138858471392182e-32,1
BTC-USD,garch11_t,1003,ok|flag=0 nu=2.49631,False,21,20,6.3626841527135726e-05,0.080866253688571588,0.91913374630340217,1.1531675306851451e-13,0.99999999999197375,True,6.3626841526910144e-05,0.080866253688571504,0.91913374630340283,0.99999999999197442,False,6.5228285951981425e-16,4.8905289254988491e-19,0.99999999999197442
BTC-USD,garch11_t,1024,ok|flag=0 nu=2.50779,False,21,20,4.0916043143697029e-05,0.050209366381667175,0.94979063363112171,1.6562077078293798e-12,1.0000000000127889,True,4.09160431448065e-05,0.0502093663821295,0.94979063363048644,1.0000000000126159,False,2.1200650265851614e-12,6.5154022568144972e-12,1.0000000000126159
BTC-USD,garch11_t,1045,ok|flag=0 nu=2.47799,False,21,20,0.00010268262265833367,0.10324673182736777,0.89675326817263146,6.86805195943211e-16,0.99999999999999922,True,0.00010268262265830001,0.10324673182736779,0.89675326817263212,1,False,2.9371665481021242e-14,2.1701215404494645e-24,1
BTC-USD,garch11_t,1066,ok|flag=0 nu=2.63294,False,21,20,5.3592716608556184e-05,0.092812918080202644,0.90718708196337938,1.9437574467034362e-15,1.000000000043582,True,5.3592716608557553e-05,0.092812918080202797,0.90718708196337905,1.000000000043582,False,4.9884110295003493e-16,7.0538901690958966e-22,1.000000000043582
BTC-USD,garch11_t,1087,ok|flag=0 nu=2.48983,False,21,20,0.00013124500993112455,0.12569561472154811,0.87430438527843957,3.5297238479394939e-15,0.99999999999998768,True,0.00013124500993109999,0.12569561472154819,0.87430438527844023,0.99999999999998845,False,1.3973974367875412e-14,6.7815403443729476e-30,0.99999999999998845
BTC-USD,garch11_t,1108,ok|flag=0 nu=2.62737,False,21,20,0.00011143997914781369,0.12764503941083472,0.86600971421773687,9.7905279100436892e-16,0.99365475362857159,True,0.0001114399791478,0.12764503941083469,0.86600971421773698,0.99365475362857159,False,1.2674316391189598e-14,5.7727375028756697e-32,0.99365475362857159
BTC-USD,garch11_t,1129,ok|flag=0 nu=2.81975,False,21,20,6.1989561210244203e-05,0.081218416529840742,0.89875394555233834,8.2476650402608229e-15,0.97997236208217908,True,6.1989561210237847e-05,0.081218416529840604,0.8987539455523379,0.97997236208217842,False,4.2056249409099634e-16,6.613098316658833e-24,0.97997236208217842
BTC-USD,garch11_t,1150,ok|flag=0 nu=2.79616,False,21,20,7.112712703191099e-05,0.094944357201220075,0.88306720113645554,6.8672537925844408e-14,0.97801155833767561,True,7.112712703185987e-05,0.094944357201220006,0.88306720113645543,0.97801155833767561,False,5.8480715000767655e-16,9.9283540145149721e-28,0.97801155833767561
BTC-USD,garch11_t,1171,ok|flag=0 nu=3.0687,False,21,20,2.9249938392655811e-05,0.034036593820762295,0.93846331020874962,1.9604127470278856e-14,0.97249990402951192,True,2.9249938392633994e-05,0.034036593820762101,0.93846331020877383,0.97249990402953601,False,2.2804801342977443e-14,1.6167733496100916e-14,0.97249990402953601
BTC-USD,garch11_t,1192,ok|flag=0 nu=2.80339,False,21,20,5.5976860627583414e-05,0.04293781474834546,0.91936312181994206,6.2195932527040966e-16,0.96230093656828752,True,5.597686062758336e-05,0.042937814748345397,0.9193631218199424,0.96230093656828763,False,4.6945445961852338e-16,5.5403794476260764e-19,0.96230093656828763
BTC-USD,garch11_t,1213,ok|flag=0 nu=2.73781,False,21,20,8.7729334741569519e-05,0.062947860860153804,0.88951974652067411,1.2235138103738553e-15,0.95246760738082792,True,8.7729334741570928e-05,0.062947860860153498,0.889519746520674,0.95246760738082759,False,5.5701344009349799e-16,3.7826549972161004e-26,0.95246760738082759
BTC-USD,garch11_t,1234,ok|flag=0 nu=2.70854,False,21,20,8.2298611889354754e-05,0.065127793344612828,0.8971844751812792,1.4972882709139812e-15,0.96231226852589202,True,8.2298611889354076e-05,0.065127793344612606,0.89718447518127875,0.96231226852589136,False,5.6728694729205849e-16,2.7597833296839591e-24,0.96231226852589136
BTC-USD,garch11_t,1255,ok|flag=0 nu=2.44915,False,21,20,0.00012746181209301641,0.11920316914069917,0.88079683085930005,1.0853514244078704e-14,0.99999999999999922,True,0.0001274618120929,0.1192031691406992,0.88079683085930061,1,False,3.0079739476446692e-14,2.7407642396921084e-28,1
BTC-USD,garch11_t,1276,ok|flag=0 nu=2.65764,False,21,20,8.4630578810635998e-05,0.10059859671518334,0.8893253882577683,4.0752769675823331e-16,0.98992398497295164,True,8.4630578810634887e-05,0.1005985967151834,0.88932538825776863,0.98992398497295198,False,4.0752769675823331e-16,3.3911368493234139e-26,0.98992398497295198
BTC-USD,garch11_t,1297,ok|flag=0 nu=2.72873,False,21,20,6.6441399178246213e-05,0.097117060641436437,0.89645165851665831,2.2236298861131188e-13,0.99356871915809475,True,6.6441399177862012e-05,0.097117060641436201,0.8964516585166572,0.99356871915809342,False,2.1842276556025461e-16,1.83416127759902e-24,0.99356871915809342
BTC-USD,garch11_t,1318,ok|flag=0 nu=2.88984,False,21,20,5.0437615103775889e-05,0.086112635602187515,0.90664480553330629,7.2339532251168967e-15,0.9927574411354938,True,5.0437615103768049e-05,0.086112635602187501,0.9066448055333064,0.99275744113549402,False,3.8073438026931034e-16,5.2310496108352737e-22,0.99275744113549402
BTC-USD,garch11_t,1339,ok|flag=0 nu=2.83114,False,21,20,5.2874163757790913e-05,0.083164839358624398,0.9103486756965089,1.2138673403809694e-15,0.9935135150551333,True,5.2874163757792736e-05,0.083164839358624496,0.91034867569650835,0.99351351505513297,False,6.0693367019048468e-16,4.0168201282291501e-21,0.99351351505513297
BTC-USD,garch11_t,1360,ok|flag=0 nu=2.86471,False,21,20,5.4875895375639184e-05,0.088344395099076989,0.90623963607345948,1.1923266426580608e-14,0.99458403117253646,True,5.4875895375616443e-05,0.0883443950990771,0.90623963607345959,0.9945840311725368,False,5.9551345889551561e-16,4.183371825200739e-22,0.9945840311725368
BTC-USD,garch11_t,1381,ok|flag=0 nu=2.91752,False,21,20,5.0054754020770293e-05,0.097832093100114759,0.9021679068998858,5.1849120457174492e-16,1.0000000000000004,True,5.0054754020772332e-05,0.097832093100114606,0.90216790689988535,1,False,5.1849120457174492e-16,4.402373359883604e-23,1
BTC-USD,garch11_t,1402,ok|flag=0 nu=2.95693,False,21,20,3.9922470032929057e-05,0.091250763474254426,0.90874923652574613,1.2676339089139542e-15,1.0000000000000004,True,3.9922470032928949e-05,0.091250763474253996,0.90874923652574602,1,False,5.9295480910816151e-16,1.6673604666394888e-21,1
BTC-USD,garch11_t,1423,ok|flag=0 nu=2.94982,False,21,20,4.4121114174601116e-05,0.10047933784846896,0.89952066215153059,2.9057046165844642e-13,0.99999999999999956,True,4.4121114174254232e-05,0.10047933784846901,0.89952066215153104,1,False,4.532522003616819e-16,1.0129122169557328e-23,1
BTC-USD,garch11_t,1444,ok|flag=0 nu=3.71084,False,21,20,1.2431914090024983e-05,0.070517239242823715,0.92948276075717884,1.0756795899417646e-13,1.0000000000000027,True,1.2431914089891707e-05,0.070517239242823701,0.92948276075717617,1,False,6.2258198314908194e-16,1.3202909061595429e-16,1
BTC-USD,garch11_t,1465,ok|flag=0 nu=3.81934,False,21,20,1.1614458161909037e-05,0.068641660811016081,0.93135833918898236,3.2459322232457152e-15,0.99999999999999845,True,1.1614458161910475e-05,0.0686416608110164,0.93135833918898236,0.99999999999999878,False,6.5206294167041312e-16,3.6174601098089444e-16,0.99999999999999878
BTC-USD,garch11_t,1486,ok|flag=0 nu=3.88421,False,21,20,1.1188950917652773e-05,0.067095186341240565,0.93290481365875944,7.5883387788507993e-16,1,True,1.118895091765308e-05,0.067095186341240398,0.93290481365875955,1.0000000000000002,False,7.6032569186073006e-16,8.2921469575928243e-16,1.0000000000000002
BTC-USD,garch11_t,1507,ok|flag=0 nu=3.97377,False,21,20,9.1031177976525027e-06,0.057148220267753236,0.94285177973588552,2.6603236311875349e-13,1.0000000000036389,True,9.1031177973984843e-06,0.0571482202677593,0.94285177973585244,1.0000000000036118,False,6.5979409612918202e-14,1.6661442254486788e-13,1.0000000000036118
BTC-USD,garch11_t,1528,ok|flag=0 nu=4.09213,False,21,20,7.9179697434917766e-06,0.040605369832642513,0.95939463020592974,1.1003960558342485e-10,1.0000000000385723,True,7.9179697904299092e-06,0.040605369829455902,0.95939463017054405,1,False,1.0891615532215447e-10,9.9687722281167086e-10,1
BTC-USD,garch11_t,1549,ok|flag=0 nu=3.95451,False,21,20,1.0936882596685825e-05,0.047336248202731634,0.952663751801751,1.8785330611269038e-12,1.0000000000044826,True,1.0936882601263249e-05,0.047336248202682299,0.95266375179731055,0.99999999999999278,False,2.0036263525819069e-12,2.9499894465932982e-11,0.99999999999999278
BTC-USD,garch11_t,1570,ok|flag=0 nu=4.15361,False,21,20,1.3959138908814752e-05,0.049362016602528924,0.94907912173717679,2.4501386160981544e-12,0.99844113833970571,True,1.3959138907759176e-05,0.049362016602880303,0.94907912173777165,0.99844113834065196,False,3.1259780270034723e-12,4.4792969036056738e-12,0.99844113834065196
BTC-USD,garch11_t,1591,ok|flag=0 nu=4.3842,False,21,20,1.4608431596258112e-05,0.039129914863954451,0.95686367108154857,3.6145721287877605e-11,0.99599358594550302,True,1.4608431560950124e-05,0.039129914862735198,0.95686367110345938,0.99599358596619481,False,2.499424290738626e-11,2.6609278370047248e-10,0.99599358596619481
BTC-USD,garch11_t,1612,ok|flag=0 nu=4.98114,False,21,20,1.4040013515685039e-05,0.041749897052611451,0.95322492728876163,6.6312329796645409e-12,0.99497482434137308,True,1.4040013518246069e-05,0.041749897052559402,0.95322492728685559,0.9949748243394152,False,7.084803161197048e-12,3.9600020929601867e-11,0.9949748243394152
BTC-USD,garch11_t,1633,ok|flag=0 nu=4.2581,False,21,20,2.3771333587560691e-05,0.038933447188243875,0.9532405372755548,1.0623894121498935e-12,0.99217398446379867,True,2.3771333582782165e-05,0.038933447188336703,0.95324053727816604,0.99217398446650285,False,1.8477023639202813e-12,3.9925593892766717e-11,0.99217398446650285
BTC-USD,garch11_t,1654,ok|flag=0 nu=4.74561,False,21,20,4.2748314147076128e-05,0.031452803005700636,0.94607834045526362,1.7340276890908382e-13,0.97753114346096426,True,4.2748314146064886e-05,0.031452803005710697,0.94607834045578121,0.97753114346149195,False,1.82089830201211e-13,9.1949616746056848e-13,0.97753114346149195
BTC-USD,garch11_t,1675,ok|flag=0 nu=4.97329,False,21,20,5.1937261533547343e-05,0.03093087913670356,0.94081032724167168,8.6475777691456246e-15,0.97174120637837524,True,5.193726153351689e-05,0.030930879136704899,0.94081032724169045,0.97174120637839523,False,6.2012176582527226e-15,5.6368697099796892e-14,0.97174120637839523
BTC-USD,garch11_t,1696,ok|flag=0 nu=4.8063,False,21,20,3.8443265133424382e-05,0.034504403604744605,0.94384572685821189,1.8198683179006882e-13,0.97835013046295649,True,3.8443265133088238e-05,0.034504403604747803,0.94384572685846835,0.97835013046321639,False,1.4793524164223889e-13,2.8216748974822916e-13,0.97835013046321639
BTC-USD,garch11_t,1717,ok|flag=0 nu=5.20554,False,21,20,2.3117264662099302e-06,0.0091870586071506333,0.98735650689204024,0.0017390481912453507,0.99654356549919088,False,1.5995102384187838e-11,0.0091639645852259009,0.98931987635604657,0.9984838409412724,False,0.0016385965857031578,0.0046597999509924238,0.9984838409412724
BTC-USD,garch11_t,1738,ok|flag=0 nu=4.7977,False,21,20,3.6065450018609292e-05,0.025838134986192918,0.95150073253823519,1.5323435028498822e-11,0.97733886752442811,True,3.6065450049145487e-05,0.025838134985635801,0.95150073251755718,0.97733886750319277,False,1.5518509420078104e-11,1.6016347519207145e-11,0.97733886750319277
BTC-USD,garch11_t,1759,ok|flag=0 nu=4.70094,False,21,20,4.2039919288596887e-05,0.026302454149596088,0.94714700874430569,1.8463558816724474e-12,0.97344946289390177,True,4.2039919288005225e-05,0.0263024541495957,0.94714700874460278,0.97344946289419843,False,1.8663415838685523e-12,1.616947847292083e-12,0.97344946289419843
BTC-USD,garch11_t,1780,ok|flag=0 nu=4.63268,False,21,20,6.967132227664804e-05,0.032854285844241105,0.92328084916235997,5.2301606670813995e-14,0.95613513500660108,True,6.9671322276577784e-05,0.032854285844241,0.92328084916235997,0.95613513500660074,False,4.7515359768677838e-16,4.6442300537949954e-18,0.95613513500660074
BTC-USD,garch11_t,1801,ok|flag=0 nu=4.50888,False,21,20,7.0479707446046745e-05,0.033006542368623437,0.9230172667009402,9.327997394451449e-14,0.95602380906956363,True,7.0479707445935397e-05,0.033006542368623298,0.9230172667009402,0.95602380906956363,False,5.2387998831855427e-16,4.026360727045612e-18,0.95602380906956363
BTC-USD,garch11_t,1822,ok|flag=0 nu=4.25624,False,21,20,6.9097393670509161e-05,0.036484550474855326,0.92173842443353604,1.7253976941610435e-15,0.95822297490839137,True,6.9097393670508727e-05,0.0364845504748555,0.92173842443353637,0.95822297490839203,False,3.2073067888205119e-16,2.0130109288540694e-18,0.95822297490839203
BTC-USD,garch11_t,1843,ok|flag=0 nu=4.31826,False,21,20,0.00018280356227140868,0.00025184173961134704,0.83823784203595897,0.019398255227968158,0.83848968377557032,False,7.2535694682889959e-06,0,0.99310922999549056,0.99310922999549056,False,0.022791506073376044,0.031514406278317995,0.99310922999549056
BTC-USD,garch11_t,1864,ok|flag=0 nu=4.31926,False,21,20,0.00011939918199925148,8.7619599760113687e-06,0.90149693786454277,4.6167749047249892e-05,0.90150569982451878,False,2.3449894134470188e-05,7.7278762181825769e-21,0.98065346953906285,0.98065346953906285,False,5.5231932300297794e-05,5.7251200818013583e-05,0.98065346953906285
BTC-USD,garch11_t,1885,ok|flag=0 nu=3.49975,False,21,20,0.00019694124838557999,-0.016983993528173036,0.72285151639979195,0.49323584942350746,0.70586752287161891,False,1.284361798466104e-11,7.3341936968063297e-19,0.99791864058766278,0.99791864058766278,False,0.52848137286323305,0.35283165792405624,0.99791864058766278
BTC-USD,garch11_t,1906,ok|flag=0 nu=3.93295,False,21,20,3.7256293969140558e-05,0.029105443352397731,0.94193020370256098,5.9666851304987464e-14,0.97103564705495871,True,3.7256293969172834e-05,0.029105443352398001,0.94193020370254121,0.97103564705493917,False,7.8264311451996548e-14,1.0217897703684989e-13,0.97103564705493917
BTC-USD,garch11_t,1927,ok|flag=0 nu=3.37266,False,21,20,0.00021534754152725886,0.045530052211018024,0.80880999161507128,9.1665884778802337e-16,0.8543400438260893,True,0.00021534754152719999,0.045530052211017899,0.80880999161506983,0.85434004382608786,False,5.1434867530542693e-14,8.3801893448479237e-47,0.85434004382608786
BTC-USD,garch11_t,1948,ok|flag=0 nu=3.25059,False,21,20,0.0001424160955648338,0.056071703177017151,0.8478974471980425,8.7813260218117157e-16,0.90396915037505965,True,0.0001424160955648,0.056071703177017401,0.84789744719804372,0.9039691503750612,False,3.3935231793159609e-14,1.4847859821100507e-36,0.9039691503750612
BTC-USD,garch11_t,1969,ok|flag=0 nu=2.96349,False,21,20,2.8435701003915907e-05,0.091956325118891624,0.9080436748811086,3.3624557599135625e-13,1.0000000000000002,True,2.8435701003778291e-05,0.091956325118891402,0.9080436748811086,1,False,3.4490299616786942e-16,1.1307557661097892e-21,1
BTC-USD,garch11_t,1990,ok|flag=0 nu=2.91168,False,21,20,5.613347604013844e-05,0.098498908856199163,0.88704270920000217,1.1753072777799885e-12,0.98554161805620133,True,5.6133476039187805e-05,0.098498908856199205,0.88704270920000239,0.98554161805620155,False,5.0240164979495892e-16,9.3813500339817883e-27,0.98554161805620155
BTC-USD,garch11_t,2011,ok|flag=0 nu=2.74783,False,21,20,0.00010961176452034854,0.11475541979744042,0.85125910028171803,2.4120192556635413e-14,0.96601452007915845,True,0.0001096117645203,0.11475541979744031,0.85125910028171792,0.96601452007915845,False,2.3193204311225573e-14,1.0737022395165508e-35,0.96601452007915845
BTC-USD,garch11_t,2032,ok|flag=0 nu=2.63259,False,21,20,0.00012076701778251341,0.12224824387047051,0.85008279995359437,5.1790733044087489e-16,0.97233104382406488,True,0.0001207670177825,0.12224824387047049,0.85008279995359426,0.97233104382406477,False,9.8403069026663693e-15,5.3779221486392061e-36,0.97233104382406477
BTC-USD,garch11_t,2053,ok|flag=0 nu=2.74885,False,21,20,0.0001069444140230001,0.12597836887811731,0.84098363959641165,2.4618275267680869e-14,0.96696200847452896,True,0.0001069444140229,0.1259783688781175,0.84098363959641187,0.9669620084745294,False,9.4132422780196844e-14,2.4761307950550023e-38,0.9669620084745294
BTC-USD,garch11_t,2074,ok|flag=0 nu=2.7288,False,21,20,0.00014709059029548963,0.15927316389802693,0.79297919282877738,2.4607603530487815e-15,0.95225235672680431,True,0.00014709059029539999,0.1592731638980269,0.79297919282877771,0.95225235672680464,False,9.8922566192561012e-14,4.2746046614441064e-51,0.95225235672680464
BTC-USD,garch11_t,2095,ok|flag=0 nu=2.7459,False,21,20,0.00012491191578288787,0.15680648386876406,0.80393166085747425,2.3294541181401741e-15,0.96073814472623831,True,0.0001249119157828,0.1568064838687637,0.80393166085747392,0.96073814472623764,False,1.1692797911844518e-13,4.0697366372837654e-48,0.96073814472623764
BTC-USD,garch11_t,2116,ok|flag=0 nu=2.6935,False,21,20,9.7128446988854549e-05,0.16879716887926388,0.82064487936173047,1.7737148856459592e-13,0.98944204824099435,True,9.7128446988696405e-05,0.1687971688792638,0.82064487936172992,0.9894420482409938,False,6.8833243507452117e-16,1.1957268217981026e-43,0.9894420482409938
BTC-USD,garch11_t,2137,ok|flag=0 nu=2.77046,False,21,20,0.00010282686578436833,0.17163993103217678,0.80872659814048675,2.0459035946630189e-15,0.98036652917266354,True,0.0001028268657843,0.17163993103217659,0.80872659814048686,0.98036652917266365,False,1.0519354315892356e-13,7.9590898952659804e-47,0.98036652917266365
BTC-USD,garch11_t,2158,ok|flag=0 nu=2.85448,False,21,20,0.00010509528854491031,0.17525536679422471,0.78486836729915899,5.7789160705928818e-16,0.9601237340933837,True,0.00010509528854490001,0.17525536679422479,0.7848683672991591,0.96012373409338403,False,1.9473978724699444e-14,2.5027241881272372e-53,0.96012373409338403
BTC-USD,garch11_t,2179,ok|flag=0 nu=2.71295,False,21,20,7.3936390479894938e-05,0.18949411679496908,0.81050588320503136,3.2391098631301833e-13,1.0000000000000004,True,7.393639047975475e-05,0.1894941167949688,0.81050588320503125,1,False,4.5583724832439833e-16,2.3882830748078474e-46,1
BTC-USD,garch11_t,2200,ok|flag=0 nu=2.69734,False,21,20,5.8228938659042195e-05,0.17502622303271098,0.82497377696728424,8.5104989998756777e-14,0.99999999999999523,True,5.822893865899962e-05,0.17502622303271129,0.82497377696728424,0.99999999999999556,False,4.9488724766409544e-16,1.659862192467705e-42,0.99999999999999556
BTC-USD,garch11_t,2221,ok|flag=0 nu=2.64053,False,21,20,2.5428743179574553e-05,0.10028589027422907,0.8997141097257606,9.2770228663005115e-16,0.99999999999998967,True,2.542874317957456e-05,0.10028589027422891,0.89971410972576005,0.99999999999998901,False,4.4326823274937853e-16,1.1278872000972298e-23,0.99999999999998901
BTC-USD,garch11_t,2242,ok|flag=0 nu=2.5484,False,21,20,3.5415084059988671e-05,0.11286736233897365,0.8871326376611075,1.563915326484359e-15,1.0000000000000813,True,3.5415084059988441e-05,0.1128673623389734,0.88713263766110728,1.0000000000000806,False,4.4238414144827471e-16,9.8691245395560048e-27,1.0000000000000806
BTC-USD,garch11_t,2263,ok|flag=0 nu=2.32098,False,21,20,0.00067696670196930743,0.75413764499441016,0.24586235500558906,9.7949563069000046e-13,0.99999999999999922,True,0.00067696670196839995,0.75413764499441061,0.24586235500558931,1,False,2.3492553061091544e-14,2.2182914692381369e-305,1
BTC-USD,garch11_t,2284,ok|flag=0 nu=2.3895,False,21,20,0.00064058644492989811,0.88303260788701232,0.1169673921129879,8.8394664807709403e-13,1.0000000000000002,True,0.00064058644492919999,0.88303260788701243,0.1169673921129875,1,False,6.1179377966497629e-14,0,1
BTC-USD,garch11_t,2305,ok|flag=0 nu=2.40113,False,21,20,0.00058880114051403001,0.87495061463432422,0.12504938536567511,5.7562036467731947e-14,0.99999999999999933,True,0.00058880114051390001,0.87495061463432466,0.12504938536567531,1,False,1.2931958870392896e-13,0,1
BTC-USD,garch11_t,2326,ok|flag=0 nu=2.42073,False,21,20,0.00055874781623591345,0.85433746282788325,0.14566253717211619,4.4242367115463571e-12,0.99999999999999944,True,0.00055874781623290002,0.85433746282788348,0.1456625371721165,1,False,1.4127593836068123e-13,0,1
BTC-USD,garch11_t,2347,ok|flag=0 nu=2.39689,False,21,20,0.00058836169980836027,0.8444132246725099,0.15558677532748977,5.4076781835036077e-14,0.99999999999999967,True,0.00058836169980829999,0.84441322467251001,0.15558677532748991,1,False,2.9941622328468909e-14,0,1
BTC-USD,garch11_t,2368,ok|flag=0 nu=2.36326,False,21,20,0.00067349699507211508,0.91002458613152015,0.089975413868480514,2.5624777109023269e-15,1.0000000000000007,True,0.00067349699507210001,0.9100245861315196,0.0899754138684805,1,False,2.1794890400252506e-14,0,1
BTC-USD,garch11_t,2389,ok|flag=0 nu=2.34232,False,21,20,0.00072300644306734409,0.89367814754962804,0.10632185245037162,1.3956608815649487e-15,0.99999999999999967,True,0.00072300644306729997,0.89367814754962838,0.1063218524503716,1,False,5.0370669998298607e-14,0,1
BTC-USD,garch11_t,2410,ok|flag=0 nu=2.38599,False,21,20,0.00066830103857109917,0.88061976277983034,0.11938023722017022,9.1090670000993719e-13,1.0000000000000004,True,0.0006683010385703,0.88061976277982978,0.1193802372201701,1,False,9.4664457892617012e-14,0,1
BTC-USD,garch11_t,2431,ok|flag=0 nu=2.78531,False,21,20,1.3696174538773531e-05,0.065357030820407003,0.93464296917959344,3.4170097516059642e-14,1.0000000000000004,True,1.3696174538745492e-05,0.065357030820407003,0.934642969179593,1,False,6.6459827005799075e-16,2.1031569258229237e-15,1
BTC-USD,garch11_t,2452,ok|flag=0 nu=2.69311,False,21,20,1.9275058534718255e-05,0.070950212276340019,0.9290497877236612,2.2363927601220659e-13,1.0000000000000013,True,1.9275058534508825e-05,0.070950212276339505,0.92904978772366043,1,False,8.3346609986404793e-16,1.0459097621226272e-16,1
BTC-USD,garch11_t,2473,ok|flag=0 nu=2.50209,False,21,20,0.00068243917848235375,0.55774103829972321,0.16254285468358198,2.6497721977032534e-16,0.7202838929833052,True,0.00068243917848229997,0.55774103829972299,0.16254285468358129,0.72028389298330431,False,6.6553355572708801e-14,0,0.72028389298330431
BTC-USD,garch11_t,2494,fallback=ewma|flag=8,True,21,20,9.9801519326173217e-18,0.060000000000008047,0.93999999999998773,7.2399625196987186e-13,0.99999999999999578,True,6.6718035603331376e-06,0.051589042590592597,0.9484109653495888,1.0000000079401814,True,0.032420668348581899,3.1498022089831033e-12,1.0000000079401814
BTC-USD,garch11_t,2515,ok|flag=0 nu=3.00163,False,21,20,5.6324188875931052e-06,0.046951425668277147,0.95304857435917611,4.3146132281769897e-11,1.0000000000274532,True,5.632418906849205e-06,0.046951425667757202,0.95304857433169643,0.99999999999945377,False,4.4532971646439681e-11,3.6100898759621959e-11,0.99999999999945377
BTC-USD,garch11_t,2536,ok|flag=0 nu=3.05227,False,21,20,4.1700330464227555e-06,0.041577491094459296,0.95842250902976889,6.5557860493314428e-10,1.0000000001242282,True,4.1700331989237396e-06,0.041577491091874003,0.95842250890814584,1.00000000000002,False,7.8440862733665832e-10,6.0048528030337017e-10,1.00000000000002
BTC-USD,garch11_t,2557,ok|flag=0 nu=3.09055,False,21,20,6.4191982198160653e-06,0.047102805421123661,0.95289719459135436,7.5261406806245823e-12,1.000000000012478,True,6.4191982326283594e-06,0.047102805420473098,0.95289719458028155,1.0000000000007547,False,8.7730637007545296e-12,3.3344497180911537e-11,1.0000000000007547
BTC-USD,garch11_t,2578,fallback=ewma|flag=8,True,21,20,-4.8811573992604978e-18,0.059999999999991394,0.94000000000001749,7.2232739784004606e-14,1.0000000000000089,True,6.366246018935182e-06,0.043059701864300998,0.95694101978608204,1.0000007216503832,True,0.03167266671640627,2.7706752330836394e-10,1.0000007216503832
BTC-USD,garch11_t,2599,ok|flag=0 nu=3.03814,False,21,20,6.3061859815611938e-06,0.045808398170556486,0.9541916018764689,2.8782744741917469e-11,1.0000000000470255,True,6.306186011036757e-06,0.045808398168124501,0.95419160183280238,1.0000000000009268,False,3.2161793107132539e-11,6.5734737440377429e-11,1.0000000000009268
BTC-USD,garch11_t,2620,ok|flag=0 nu=3.08129,False,21,20,3.8876381126204525e-06,0.032886079570832005,0.96711392626679082,2.517742699030923e-08,1.0000000058376228,False,3.8876428243087776e-06,0.032886079022848597,0.96711392097712678,0.99999999999997535,False,2.7945894001993922e-08,5.4804643983084592e-08,0.99999999999997535
BTC-USD,garch11_t,2641,ok|flag=0 nu=2.74036,False,21,20,-4.6917105142422058e-06,0.0091152745120071099,0.99839431316246885,0.00069919848632346191,1.007509587674476,False,4.7728440024509693e-06,0.0090631985526288001,0.99093680144968044,1.0000000000023093,False,0.00074856233710750872,0.010543353745871811,1.0000000000023093
BTC-USD,garch11_t,2662,ok|flag=0 nu=2.33309,False,21,20,4.5502399597089507e-05,0.0070079181325251039,0.9786481004386427,0.0007943830136633316,0.9856560185711678,False,1.1771114327933528e-05,0.0069360451990916,0.99306395492348076,1.0000000001225724,False,0.00081500508602450061,0.030804157216488777,1.0000000001225724
BTC-USD,garch11_t,2683,ok|flag=0 nu=2.26374,False,21,20,3.9228704254772654e-05,0.0092040129466505194,0.98307170503509689,0.0014003380193203178,0.99227571798174741,False,1.8443123036876131e-05,0.0090763111630466006,0.99092368884061643,1.0000000000036631,False,0.0015492047450929363,0.010473825881499669,1.0000000000036631
BTC-USD,garch11_t,2704,ok|flag=0 nu=3.2646,False,21,20,1.001959180831765e-05,0.015694877245105876,0.97723249004962565,4.5456968675141966e-07,0.99292736729473152,False,1.0017193844982035e-05,0.015694805263894499,0.97723533576956156,0.992930141033456,False,5.1681390266987039e-07,9.9903591515940926e-06,0.992930141033456
BTC-USD,garch11_t,2725,ok|flag=0 nu=3.39595,False,21,20,1.5504802202505876e-05,0.015517638597578043,0.96997171307878194,2.9152726447053307e-08,0.98548935167635998,False,1.550477194605933e-05,0.015517639196071799,0.96997174910296324,0.98548938829903521,False,2.5835894562507205e-08,2.3963083807917472e-07,0.98548938829903521
BTC-USD,garch11_t,2746,ok|flag=0 nu=3.60949,False,21,20,3.2856547247763508e-05,0.030044507407940013,0.93303296780449152,1.9117436360815582e-15,0.96307747521243159,True,3.2856547247761936e-05,0.0300445074079401,0.93303296780449219,0.96307747521243237,False,1.2053399265892264e-15,8.8816712406714113e-16,0.96307747521243237
BTC-USD,garch11_t,2767,ok|flag=0 nu=3.99306,False,21,20,6.552440215190053e-05,0.051949481821744303,0.87462514965465932,5.6837072727828732e-15,0.92657463147640362,True,6.5524402151896709e-05,0.0519494818217444,0.8746251496546591,0.92657463147640362,False,3.4852269565758153e-16,8.1466792105432316e-30,0.92657463147640362
BTC-USD,garch11_t,2788,ok|flag=0 nu=4.11106,False,21,20,6.9948087000388219e-05,0.052681882869128782,0.86619071056503016,3.7731258097638034e-13,0.91887259343415895,True,6.9948087000115054e-05,0.0526818828691289,0.86619071056502928,0.91887259343415839,False,5.5943129719820012e-16,6.4085668751681417e-32,0.91887259343415839
BTC-USD,garch11_t,2809,ok|flag=0 nu=4.1689,False,21,20,9.6705376057904668e-05,0.063802551220728088,0.82125410481085059,1.1714596433868126e-14,0.88505665603157868,True,9.6705376057898082e-05,0.063802551220728004,0.82125410481085004,0.88505665603157813,False,5.0808397340237566e-16,1.7329125098175179e-43,0.88505665603157813
BTC-USD,garch11_t,2830,ok|flag=0 nu=3.64343,False,21,20,8.2714073389352993e-05,0.065560166262449315,0.8454449492521896,1.2568911019890645e-15,0.91100511551463892,True,8.2714073389351258e-05,0.065560166262449301,0.84544494925219138,0.91100511551464081,False,5.4577381727167338e-16,3.4887270081251468e-37,0.91100511551464081
BTC-USD,garch11_t,2851,ok|flag=0 nu=4.03025,False,21,20,6.7872985641531327e-05,0.071054482990730472,0.84882105331654467,1.9840900912398577e-15,0.91987553630727514,True,6.7872985641530216e-05,0.071054482990730403,0.84882105331654489,0.91987553630727537,False,3.597077575128351e-16,2.559006673662087e-36,0.91987553630727537
BTC-USD,garch11_t,2872,ok|flag=0 nu=3.70766,False,21,20,3.491813043012294e-05,0.057919717310563446,0.90572749644580042,9.6968704287857644e-16,0.96364721375636386,True,3.4918130430122472e-05,0.057919717310563397,0.90572749644580164,0.9636472137563652,False,5.8181222572714593e-16,3.1533793274990011e-22,0.9636472137563652
BTC-USD,garch11_t,2893,ok|flag=0 nu=4.15474,False,21,20,1.7984960003590405e-05,0.037357868265042837,0.93668438735640591,1.0561085434339159e-14,0.97404225562144875,True,1.7984960003603389e-05,0.037357868265043503,0.93668438735637283,0.97404225562141644,False,1.084271437925487e-14,6.2609572396671594e-15,0.97404225562141644
BTC-USD,garch11_t,2914,ok|flag=0 nu=4.15891,False,21,20,1.6305407840177704e-05,0.044384253591558398,0.93154263012844196,4.2177793864971473e-15,0.97592688372000036,True,1.6305407840175522e-05,0.044384253591558301,0.93154263012844396,0.97592688372000236,False,5.0852494991188968e-16,3.993623685796416e-16,0.97592688372000236
BTC-USD,garch11_t,2935,ok|flag=0 nu=3.80799,False,21,20,3.1776413060637976e-05,0.049078350250377878,0.90645640322721399,5.9699021067861742e-16,0.95553475347759187,True,3.1776413060637366e-05,0.049078350250378197,0.90645640322721521,0.95553475347759365,False,4.402479697672158e-16,4.714770854729651e-22,0.95553475347759365
BTC-USD,garch11_t,2956,ok|flag=0 nu=3.73149,False,21,20,1.4388637773906324e-05,0.051444487350094548,0.92945575225660571,2.4713452503902992e-13,0.98090023960670025,True,1.4388637773828803e-05,0.051444487350094402,0.92945575225660604,0.98090023960670036,False,6.0152413349851845e-16,1.3012470904271406e-16,0.98090023960670036
BTC-USD,garch11_t,2977,ok|flag=0 nu=3.79986,False,21,20,2.3329324088492967e-05,0.057119112589266274,0.91309880146123201,5.6375284936086048e-16,0.97021791405049829,True,2.3329324088492848e-05,0.057119112589265802,0.91309880146123235,0.9702179140504984,False,6.1744527211004867e-16,1.8150406742097048e-20,0.9702179140504984
BTC-USD,garch11_t,2998,ok|flag=0 nu=4.13228,False,21,20,1.1645900767135961e-05,0.040288857418905089,0.94147133439006181,3.8775368512481513e-14,0.9817601918089669,True,1.1645900767119485e-05,0.040288857418903201,0.94147133439008024,0.98176019180898355,False,2.8660054987486335e-14,8.0084902122897106e-14,0.98176019180898355
BTC-USD,garch11_t,3019,ok|flag=0 nu=4.16647,False,21,20,1.3675479953216512e-05,0.040754156538574615,0.9381801131948222,1.9595145493247846e-14,0.97893426973339681,True,1.3675479953210979e-05,0.040754156538574698,0.93818011319481964,0.97893426973339437,False,7.5084202357304826e-15,1.3903093315429582e-14,0.97893426973339437
BTC-USD,garch11_t,3040,ok|flag=0 nu=4.44563,False,21,20,1.7994802773792619e-05,0.040340014597649687,0.92683828683448355,4.67195475250431e-16,0.96717830143213324,True,1.7994802773792466e-05,0.0403400145976495,0.92683828683448377,0.96717830143213324,False,4.3426176584605141e-16,3.1767489600469055e-17,0.96717830143213324
BTC-USD,garch11_t,3061,ok|flag=0 nu=4.32706,False,21,20,1.7436813909878734e-05,0.050667026468098175,0.91813040346996644,4.5299232143856322e-15,0.96879742993806461,True,1.7436813909877345e-05,0.050667026468098203,0.91813040346996644,0.96879742993806484,False,5.1003470323082487e-16,2.8325954088478953e-19,0.96879742993806484
BTC-USD,garch11_t,3082,ok|flag=0 nu=4.1168,False,21,20,1.9749203643031359e-05,0.051776555079819042,0.91430517184334614,4.0134150443074864e-15,0.96608172692316518,True,1.9749203643030092e-05,0.051776555079818702,0.91430517184334603,0.96608172692316485,False,9.1762626643647426e-16,3.5122724640416313e-20,0.96608172692316485
BTC-USD,garch11_t,3103,ok|flag=0 nu=3.54612,False,21,20,3.824987712625957e-05,0.082206417424233069,0.86971877771196482,4.1189751755379906e-14,0.95192519513619789,True,3.8249877126228345e-05,0.082206417424233305,0.8697187777119646,0.951925195136198,False,4.2674979904833775e-16,4.8912900575362267e-31,0.951925195136198
BTC-USD,garch11_t,3124,ok|flag=0 nu=3.61768,False,21,20,2.7386923235482837e-05,0.072789506448610486,0.89308175146591151,3.8536539093423668e-15,0.965871257914522,True,2.7386923235480733e-05,0.072789506448610403,0.89308175146591151,0.965871257914522,False,5.2549826036486826e-16,2.7900225384492434e-25,0.965871257914522
BTC-USD,garch11_t,3145,ok|flag=0 nu=3.96047,False,21,20,3.0137487225718572e-05,0.073800510245437989,0.88143431508374692,8.7318286486226646e-15,0.95523482532918491,True,3.0137487225714611e-05,0.073800510245437906,0.88143431508374681,0.9552348253291848,False,6.1658598952982634e-16,3.9352923560736019e-28,0.9552348253291848
BTC-USD,garch11_t,3166,ok|flag=0 nu=3.99545,False,21,20,3.18931078915588e-05,0.075462109911197284,0.87576541014366083,7.885632428509194e-16,0.95122752005485811,True,3.1893107891558563e-05,0.075462109911197395,0.87576541014366083,0.95122752005485844,False,3.942816214254597e-16,1.5627661469397856e-29,0.95122752005485844
BTC-USD,garch11_t,3187,ok|flag=0 nu=3.99954,False,21,20,4.9835433947193229e-05,0.10159904578591161,0.81842405999841716,8.0751387703718139e-16,0.92002310578432878,True,4.9835433947193791e-05,0.1015990457859115,0.81842405999841616,0.92002310578432756,False,4.037569385185907e-16,3.0845664598584985e-44,0.92002310578432756
BTC-USD,garch11_t,3208,ok|flag=0 nu=4.13266,False,21,20,3.1581794295450438e-05,0.084557432392768583,0.8603937029681703,1.2810557869346442e-13,0.94495113536093889,True,3.1581794295401175e-05,0.084557432392768903,0.86039370296817086,0.94495113536093978,False,4.5580189072596146e-16,2.2315756336376075e-33,0.94495113536093978
BTC-USD,garch11_t,3229,ok|flag=0 nu=3.7552,False,21,20,5.5019544807084798e-05,0.1140752994878651,0.80414847951201851,6.5677910534893394e-16,0.91822377899988361,True,5.5019544807084906e-05,0.1140752994878648,0.80414847951201818,0.91822377899988317,False,4.6144380705803029e-16,4.6571750033703257e-48,0.91822377899988317
BTC-USD,garch11_t,3250,ok|flag=0 nu=4.41401,False,21,20,2.2654895783617439e-05,0.054952101053811431,0.8980475908942066,8.1183982625251728e-16,0.95299969194801804,True,2.2654895783617408e-05,0.054952101053811403,0.89804759089420627,0.95299969194801759,False,4.8710389575151037e-16,4.4635055741728556e-24,0.95299969194801759
BTC-USD,garch11_t,3271,ok|flag=0 nu=4.2371,False,19,18,3.3329138421530774e-05,0.062526034896134064,0.87061550169022872,2.9213712944083863e-13,0.93314153658636279,True,3.3329138421446633e-05,0.0625260348961343,0.87061550169022939,0.93314153658636378,False,7.1694625054996279e-16,8.188377321918438e-31,0.93314153658636378
BTC-USD,garch11,499,ok|flag=0,False,21,20,3.2921231356116386e-05,0.060723072599133454,0.92644676715783914,1.0478281536533107e-15,0.98716983975697259,True,3.2921231356116508e-05,0.060723072599133697,0.9264467671578388,0.98716983975697259,False,5.2844454292538756e-16,2.5717875548419392e-17,0.98716983975697259
BTC-USD,garch11,520,ok|flag=0,False,21,20,2.9404154956292252e-05,0.050857287933648743,0.93290326306221583,6.5855278863283218e-15,0.98376055099586457,True,2.9404154956288203e-05,0.050857287933648701,0.93290326306221683,0.98376055099586557,False,3.6114185183090799e-15,8.2852585571941485e-16,0.98376055099586557
BTC-USD,garch11,541,ok|flag=0,False,21,20,3.0963342922973134e-05,0.056904423560192541,0.92712391110572212,1.2724773524506203e-15,0.98402833466591466,True,3.0963342922972714e-05,0.056904423560192298,0.92712391110572201,0.98402833466591444,False,7.9529834528163767e-16,3.7058767684770938e-17,0.98402833466591444
BTC-USD,garch11,562,ok|flag=0,False,21,20,2.8707541994238608e-05,0.054578952193474417,0.92918129610927391,2.2420739306317268e-15,0.98376024830274833,True,2.8707541994237398e-05,0.0545789521934745,0.92918129610927402,0.98376024830274855,False,5.8707911170818435e-16,1.1226116832587294e-16,0.98376024830274855
BTC-USD,garch11,583,ok|flag=0,False,21,20,1.9989486771062255e-05,0.045747555414799246,0.9385982447188026,2.486201084393384e-14,0.98434580013360184,True,1.998948677106858e-05,0.045747555414798899,0.93859824471879161,0.98434580013359041,False,2.5483561115032185e-14,1.7372761181361698e-14,0.98434580013359041
BTC-USD,garch11,604,ok|flag=0,False,21,20,1.8440082983020832e-05,0.015373658431957815,0.96758542372365253,1.9486650032551395e-07,0.98295908215561034,False,1.8440021816696591e-05,0.0153736627732215,0.96758548033374059,0.9829591431069622,False,1.8907300722345588e-07,6.9931257898650631e-08,0.9829591431069622
BTC-USD,garch11,625,ok|flag=0,False,21,20,1.879593665257469e-05,0.012603697228641408,0.96825962468843463,1.1783255230317831e-07,0.98086332191707604,False,1.8795980151363717e-05,0.0126036929611925,0.96825958765095621,0.98086328061214878,False,1.3071012548839159e-07,9.9061071043614635e-08,0.98086328061214878
BTC-USD,garch11,646,ok|flag=0,False,21,20,3.4606747696949548e-05,0.022550314513947178,0.94810614083534794,6.3584953391217746e-12,0.97065645534929512,True,3.4606747688207673e-05,0.0225503145141965,0.94810614084134359,0.97065645535554002,False,6.3243325246847471e-12,2.6821295175152717e-12,0.97065645535554002
BTC-USD,garch11,667,ok|flag=0,False,21,20,4.5863195494236059e-05,0.023869912379100688,0.93585063242825317,7.0487652011060142e-15,0.9597205448073538,True,4.5863195494236181e-05,0.023869912379100699,0.93585063242825239,0.95972054480735325,False,6.4772436983136343e-15,4.011151695465126e-15,0.95972054480735325
BTC-USD,garch11,688,ok|flag=0,False,21,20,9.7684214364738141e-05,0.060902518272866524,0.86618492466310926,1.735539582544294e-15,0.92708744293597578,True,9.768421436473646e-05,0.060902518272866302,0.86618492466310892,0.92708744293597523,False,5.5505879597574857e-16,6.3871988257058915e-32,0.92708744293597523
BTC-USD,garch11,709,ok|flag=0,False,21,20,0.00011107941909577978,0.069278636254092252,0.8481125755353176,1.3127605874287479e-15,0.91739121178940986,True,0.0001110794190957,0.069278636254092599,0.84811257553531771,0.91739121178941041,False,6.9050410258294374e-14,1.685587944862383e-36,0.91739121178941041
BTC-USD,garch11,730,ok|flag=0,False,21,20,0.00011601480509136127,0.067504706905125555,0.842650559689607,1.0779369492523916e-13,0.91015526659473256,True,0.0001160148050912,0.0675047069051255,0.84265055968960678,0.91015526659473245,False,5.3571514379344205e-14,6.6643345386719858e-38,0.91015526659473245
BTC-USD,garch11,751,ok|flag=0,False,21,20,0.00012907900696938545,0.076457161428616138,0.82070787816806323,1.7904491975058418e-15,0.89716503959667937,True,0.00012907900696929999,0.076457161428616305,0.82070787816806334,0.8971650395966797,False,1.1004218214061297e-13,1.2425136517001457e-43,0.8971650395966797
BTC-USD,garch11,772,ok|flag=0,False,21,20,0.00015723551825694813,0.082422675596376949,0.79490094855933779,5.9440784194359964e-15,0.87732362415571474,True,0.0001572355182569,0.082422675596376796,0.79490094855933757,0.87732362415571441,False,4.8913889337049642e-14,1.4338628571983882e-50,0.87732362415571441
BTC-USD,garch11,793,ok|flag=0,False,21,20,0.00014466210102950217,0.083385996290676223,0.79984276668047249,2.8361971202462326e-15,0.88322876297114872,True,0.00014466210102940001,0.083385996290676001,0.79984276668047238,0.88322876297114838,False,1.1357119772812087e-13,3.1791485726042668e-49,0.88322876297114838
BTC-USD,garch11,814,ok|flag=0,False,21,20,0.00022411377503058971,0.1288072517813118,0.69997265625419347,2.4530835390907988e-13,0.82877990803550527,True,0.00022411377503029999,0.1288072517813118,0.69997265625419347,0.82877990803550527,False,1.0464568861364379e-13,3.4716627424369329e-78,0.82877990803550527
BTC-USD,garch11,835,ok|flag=0,False,21,20,0.00021925093822966864,0.12893048868168544,0.70326301458358231,1.6029972783673052e-12,0.83219350326526775,True,0.0002192509382283,0.12893048868168541,0.7032630145835822,0.83219350326526764,False,1.2231925689647356e-13,3.6215041073865117e-77,0.83219350326526764
BTC-USD,garch11,856,ok|flag=0,False,21,20,0.00021733768979380322,0.13981002331319348,0.69355494441846699,1.2609266113939969e-13,0.83336496773166047,True,0.00021733768979370001,0.13981002331319339,0.69355494441846754,0.83336496773166102,False,7.4787619177905447e-15,3.4708520551965623e-80,0.83336496773166102
BTC-USD,garch11,877,ok|flag=0,False,21,20,0.00022641049460716059,0.14429389599543174,0.68329735436609196,5.9255759835182191e-13,0.8275912503615237,True,0.0002264104946066,0.14429389599543191,0.68329735436609207,0.82759125036152392,False,8.193002460698903e-14,2.0177604191014586e-83,0.82759125036152392
BTC-USD,garch11,898,ok|flag=0,False,21,20,0.00021419878805026675,0.14348372566999301,0.69366612790170201,7.8717961531407767e-14,0.83714985357169502,True,0.00021419878805019999,0.14348372566999279,0.69366612790170168,0.83714985357169447,False,6.4680842517065822e-15,3.7604869813985282e-80,0.83714985357169447
BTC-USD,garch11,919,ok|flag=0,False,21,20,0.00022812178731252357,0.13835122268013761,0.68887693106827597,2.8860233198480556e-15,0.82722815374841363,True,0.00022812178731249999,0.13835122268013761,0.68887693106827574,0.82722815374841341,False,2.2204803587030356e-14,1.1771199694582858e-81,0.82722815374841341
BTC-USD,garch11,940,ok|flag=0,False,21,20,0.00020391164659955331,0.20250204143763917,0.75716837454642527,1.0382401234459569e-15,0.95967041598406444,True,0.0002039116465995,0.202502041437639,0.75716837454642494,0.959670415984064,False,2.7310807068416315e-14,3.9466900106390783e-61,0.959670415984064
BTC-USD,garch11,961,ok|flag=0,False,21,20,0.00022892698669543091,0.188042806040017,0.74136139743475282,1.0443268862778019e-12,0.92940420347476982,True,0.00022892698669400001,0.1880428060400168,0.74136139743475293,0.92940420347476982,False,6.5060287345381412e-14,1.0351047946057745e-65,0.92940420347476982
BTC-USD,garch11,982,ok|flag=0,False,21,20,0.00022448662482241812,0.18682820855265359,0.74351000119000343,5.1036866901058579e-16,0.93033820974265702,True,0.00022448662482239999,0.1868282085526537,0.74351000119000388,0.93033820974265757,False,1.4749588890662318e-14,4.3995409601737126e-65,0.93033820974265757
BTC-USD,garch11,1003,ok|flag=0,False,21,20,0.00024542186988665089,0.14965089046937963,0.75654782486810324,6.3063583864795225e-13,0.90619871533748286,True,0.00024542186988569999,0.14965089046937971,0.75654782486810324,0.90619871533748297,False,2.2953892496285666e-14,2.6193497365701891e-61,0.90619871533748297
BTC-USD,garch11,1024,ok|flag=0,False,21,20,0.00024090149809291922,0.14334049218154299,0.76314183366148902,2.8271951764244751e-14,0.90648232584303201,True,0.00024090149809280001,0.1433404921815431,0.76314183366148858,0.90648232584303179,False,8.0103863332026796e-14,2.0073847037856275e-59,0.90648232584303179
BTC-USD,garch11,1045,ok|flag=0,False,21,20,0.00025578257925391857,0.14687408536943392,0.75221140434056666,6.0052541573256163e-16,0.89908548971000057,True,0.00025578257925390003,0.1468740853694338,0.75221140434056566,0.89908548970999957,False,1.8286326561665269e-14,1.4789611155336748e-62,0.89908548970999957
BTC-USD,garch11,1066,ok|flag=0,False,21,20,0.00018684252212667837,0.2059583000064682,0.75513604095521991,9.7059221472300673e-16,0.96109434096168811,True,0.00018684252212660001,0.20595830000646831,0.75513604095522024,0.96109434096168855,False,9.9057252675440276e-14,1.0294359574008022e-61,0.96109434096168855
BTC-USD,garch11,1087,ok|flag=0,False,21,20,0.00020096892471135967,0.17476180595992308,0.76457282109619984,3.3625796920896258e-15,0.93933462705612292,True,0.00020096892471130001,0.17476180595992291,0.76457282109620017,0.93933462705612325,False,5.4011436304189614e-14,5.1218619149471794e-59,0.93933462705612325
BTC-USD,garch11,1108,ok|flag=0,False,21,20,0.0001419758155158742,0.24668765883575339,0.75331234116424706,8.3083420765604868e-16,1.0000000000000004,True,0.00014197581551580001,0.24668765883575311,0.75331234116424683,1,False,9.5961350984273627e-14,3.0728486302325395e-62,1
BTC-USD,garch11,1129,ok|flag=0,False,21,20,0.00014756413718993941,0.25592833521076774,0.74407166478923303,2.7963649106044143e-14,1.0000000000000009,True,0.0001475641371899,0.25592833521076791,0.74407166478923203,1,False,2.8951449821930917e-14,6.4177556631191778e-65,1
BTC-USD,garch11,1150,ok|flag=0,False,21,20,0.00013666358816757625,0.25751049784736613,0.74248950215263398,2.4300433810208626e-13,1,True,0.00013666358816740001,0.25751049784736602,0.74248950215263398,1,False,2.932810977094145e-14,2.2139042470686676e-65,1
BTC-USD,garch11,1171,ok|flag=0,False,21,20,0.00012796466545810832,0.2532845978160968,0.74671540218390375,1.3420307979526591e-15,1.0000000000000004,True,0.0001279646654581,0.25328459781609669,0.74671540218390331,1,False,1.2078277181573932e-14,3.7805476384048782e-64,1
BTC-USD,garch11,1192,ok|flag=0,False,21,20,0.00013015220494187499,0.25146777773373863,0.74853222226626137,4.8788946441356014e-16,1,True,0.00013015220494179999,0.25146777773373857,0.74853222226626137,1,False,7.1149043060038948e-14,1.2742367782305483e-63,1
BTC-USD,garch11,1213,ok|flag=0,False,21,20,0.00012582809160697887,0.24263843618878167,0.75736156381123465,1.3421175807890457e-15,1.0000000000000164,True,0.00012582809160689999,0.2426384361887817,0.75736156381123443,1.0000000000000162,False,8.298760374545599e-14,4.4836367885391339e-61,1.0000000000000162
BTC-USD,garch11,1234,ok|flag=0,False,21,20,0.00012561410759161842,0.23420580409216496,0.7657941959078669,2.376960430863369e-15,1.000000000000032,True,0.00012561410759160001,0.23420580409216499,0.7657941959078669,1.000000000000032,False,8.2568099177359134e-15,1.1377195321202193e-58,1.000000000000032
BTC-USD,garch11,1255,ok|flag=0,False,21,20,0.00012564264692441492,0.21959135085701909,0.78040864914295427,3.0133809817975757e-14,0.99999999999997335,True,0.00012564264692429999,0.219591350857019,0.78040864914295427,0.99999999999997324,False,3.4525782099138215e-14,1.4488952290081285e-54,0.99999999999997324
BTC-USD,garch11,1276,ok|flag=0,False,21,20,0.0001013165590063987,0.18538470706753796,0.81461529293245505,1.4469564471208596e-15,0.99999999999999301,True,0.0001013165590064,0.18538470706753829,0.81461529293245516,0.99999999999999345,False,5.6114558178346281e-16,2.9941907264731332e-45,0.99999999999999345
BTC-USD,garch11,1297,ok|flag=0,False,21,20,9.3013897754081333e-05,0.17788910635471367,0.82211089364528545,5.6880111870924055e-13,0.99999999999999911,True,9.3013897753316794e-05,0.17788910635471369,0.82211089364528611,0.99999999999999978,False,4.8422342682398454e-16,2.918780936824654e-43,0.99999999999999978
BTC-USD,garch11,1318,ok|flag=0,False,21,20,8.783091668436751e-05,0.16482501073630984,0.83517498926369094,2.0949224230183503e-14,1.0000000000000009,True,8.783091668434687e-05,0.16482501073630981,0.83517498926369027,1,False,5.2510181129057936e-16,7.7399843543971872e-40,1
BTC-USD,garch11,1339,ok|flag=0,False,21,20,8.8197445755130367e-05,0.16459965098820284,0.83540034901179749,4.9131594957990367e-16,1.0000000000000004,True,8.8197445755131356e-05,0.16459965098820289,0.83540034901179705,1,False,4.6462277310837913e-16,8.8578063991836375e-40,1
BTC-USD,garch11,1360,ok|flag=0,False,21,20,8.59405877316337e-05,0.1561730185771486,0.8438269814228514,2.0587330277859844e-14,1,True,8.5940587731595915e-05,0.15617301857714849,0.8438269814228514,1,False,4.2006633408094101e-16,1.338763709296053e-37,1
BTC-USD,garch11,1381,ok|flag=0,False,21,20,8.8239468494073498e-05,0.1519815443741166,0.84801845562588385,4.3910819633305525e-16,1.0000000000000004,True,8.8239468494075369e-05,0.1519815443741166,0.84801845562588329,1,False,4.0753138998709659e-16,1.5946009058181555e-36,1
BTC-USD,garch11,1402,ok|flag=0,False,21,20,2.5130113084634394e-05,0.006790410219075782,0.97733632340805543,9.2217446149312134e-07,0.98412673362713121,False,2.5086300270226465e-05,0.0067905603158236998,0.97735739218600803,0.98414795250183196,False,3.3161310727377313e-06,1.0634107262090779e-05,0.98414795250183196
BTC-USD,garch11,1423,ok|flag=0,False,21,20,3.0714384374451258e-05,0.030861428101770616,0.94496142531727056,7.9714144353104533e-12,0.97582285341904118,True,3.0714384382147969e-05,0.030861428101726401,0.94496142531181981,0.97582285341354624,False,8.2237795628508381e-12,5.0937798607580334e-13,0.97582285341354624
BTC-USD,garch11,1444,ok|flag=0,False,21,20,2.9875342799328756e-05,0.046294472560719169,0.93333378376358489,7.4254057101934038e-14,0.97962825632430406,True,2.9875342799241356e-05,0.046294472560719002,0.93333378376358245,0.97962825632430139,False,1.1659935541333635e-15,1.0435015712625599e-15,0.97962825632430139
BTC-USD,garch11,1465,ok|flag=0,False,21,20,3.0535168618403343e-05,0.047125417253902735,0.93211257019984928,3.0670195037628764e-15,0.97923798745375201,True,3.0535168618403113e-05,0.047125417253902999,0.93211257019985005,0.97923798745375323,False,5.3339469630658718e-16,5.422285637420471e-16,0.97923798745375323
BTC-USD,garch11,1486,ok|flag=0,False,21,20,3.0076402612732451e-05,0.046329139483819337,0.93331978124157144,1.4576617741866233e-15,0.97964892072539078,True,3.007640261273365e-05,0.0463291394838194,0.93331978124157122,0.97964892072539078,False,1.1184792518956905e-15,1.0357031308793974e-15,0.97964892072539078
BTC-USD,garch11,1507,ok|flag=0,False,21,20,2.4682188785428e-05,0.04139660395465683,0.94326001794718173,2.3027911537140401e-13,0.98465662190183856,True,2.4682188785283547e-05,0.041396603954663297,0.94326001794712921,0.98465662190179237,False,7.5355869889662586e-14,2.0687745909672003e-13,0.98465662190179237
BTC-USD,garch11,1528,ok|flag=0,False,21,20,1.6470496826226301e-05,0.025176541930199137,0.96538139539298662,2.0623424314725039e-09,0.99055793732318576,True,1.6470498075468591e-05,0.0251765418730035,0.96538139455315697,0.99055793642616041,False,2.14331068433913e-09,2.2359509969989671e-08,0.99055793642616041
BTC-USD,garch11,1549,ok|flag=0,False,21,20,3.0344630374309361e-05,0.034692542017265904,0.9460172824255888,5.3367767052826729e-14,0.98070982444285471,True,3.0344630374510881e-05,0.034692542017263898,0.94601728242540761,0.98070982444267163,False,5.3790205269152732e-14,8.9029762831606216e-13,0.98070982444267163
BTC-USD,garch11,1570,ok|flag=0,False,21,20,3.2603137304908145e-05,0.037535007107133422,0.94221590381258191,1.135319860839225e-13,0.97975091091971533,True,3.2603137304806277e-05,0.0375350071071417,0.94221590381259801,0.97975091091973965,False,7.9339171500629025e-14,1.1890914187477426e-13,0.97975091091973965
BTC-USD,garch11,1591,ok|flag=0,False,21,20,3.332633537971254e-05,0.034096377100073738,0.94540850765253825,1.0282229843590095e-13,0.97950488475261199,True,3.3326335379559349e-05,0.034096377100071899,0.9454085076526334,0.97950488475270536,False,5.5553447042094942e-14,6.45287247180142e-13,0.97950488475270536
BTC-USD,garch11,1612,ok|flag=0,False,21,20,2.1694211045423002e-05,0.035189998350714236,0.95187566417620517,2.9979423091038652e-12,0.98706566252691941,True,2.1694211046882515e-05,0.0351899983506904,0.95187566417516323,0.98706566252585359,False,3.2936770379030749e-12,1.9503468601533802e-11,0.98706566252585359
BTC-USD,garch11,1633,ok|flag=0,False,21,20,3.205890053712993e-05,0.026805763890996204,0.95444826373875324,2.0348044840582339e-12,0.98125402762974945,True,3.2058900526984928e-05,0.026805763891144401,0.95444826374527936,0.981254027636424,False,3.0717293826626e-12,7.5196240757089926e-11,0.981254027636424
BTC-USD,garch11,1654,ok|flag=0,False,21,20,5.1365560250780745e-05,0.025563723929056703,0.94306813563967373,3.5539366214908751e-14,0.96863185956873044,True,5.1365560250556553e-05,0.0255637239290585,0.94306813563979719,0.96863185956885556,False,3.7237492928249104e-14,1.8686827893404999e-13,0.96863185956885556
BTC-USD,garch11,1675,ok|flag=0,False,21,20,6.0612059859432706e-05,0.024946331298060564,0.93903492751760609,4.2364604803274334e-15,0.96398125881566665,True,6.0612059859419486e-05,0.024946331298061401,0.93903492751761319,0.96398125881567476,False,2.7850092667742902e-15,2.1921643013744154e-14,0.96398125881567476
BTC-USD,garch11,1696,ok|flag=0,False,21,20,5.5828660376863783e-05,0.028630746463920387,0.93662497988087634,1.787162760155666e-14,0.96525572634479673,True,5.5828660376837193e-05,0.028630746463920501,0.93662497988088345,0.96525572634480405,False,3.0381766922646321e-15,6.0655213908174671e-15,0.96525572634480405
BTC-USD,garch11,1717,ok|flag=0,False,21,20,4.150225994187473e-05,0.028286023867088783,0.94439736192813517,1.2237256041458339e-13,0.97268338579522395,True,4.1502259941772043e-05,0.028286023867085699,0.94439736192818458,0.97268338579527036,False,1.0707599036276046e-13,3.7790499029049363e-13,0.97268338579527036
BTC-USD,garch11,1738,ok|flag=0,False,21,20,4.5385659549602542e-05,0.019742047382852568,0.94962242560399823,5.3666956810711952e-12,0.9693644729868508,True,4.5385659563077901e-05,0.019742047382662602,0.94962242559456678,0.96936447297722939,False,5.3572712097289184e-12,5.9632226583226152e-12,0.96936447297722939
BTC-USD,garch11,1759,ok|flag=0,False,21,20,5.9126693331580438e-05,0.020593416190308078,0.93834813673898898,1.9342897511312232e-14,0.95894155292929706,True,5.912669333157358e-05,0.020593416190307901,0.93834813673899142,0.95894155292929939,False,1.7863734760447179e-14,1.5205404630768781e-14,0.95894155292929939
BTC-USD,garch11,1780,ok|flag=0,False,21,20,0.00010448831250557171,0.031253944986514237,0.89868244104697959,5.1963963575519134e-14,0.92993638603349382,True,0.0001044883125055,0.031253944986514098,0.89868244104698081,0.92993638603349482,False,2.1138766078336386e-15,6.3551842218863853e-24,0.92993638603349482
BTC-USD,garch11,1801,ok|flag=0,False,21,20,9.8764757779287729e-05,0.031400454646770215,0.90180166092278014,8.4333734763880194e-14,0.93320211556955035,True,9.8764757779187833e-05,0.03140045464677,0.90180166092278002,0.93320211556955002,False,7.1062876799957299e-16,3.5934815855288357e-23,0.93320211556955002
BTC-USD,garch11,1822,ok|flag=0,False,21,20,9.727968816942993e-05,0.03377901066876543,0.90002791915520008,2.0494325180486478e-15,0.93380692982396551,True,9.7279688169429917e-05,0.033779010668765201,0.90002791915519997,0.93380692982396518,False,3.6097051314192549e-16,1.3427365206692935e-23,0.93380692982396518
BTC-USD,garch11,1843,ok|flag=0,False,21,20,0.00019603507498615872,8.1836612610963755e-06,0.83823784203590246,0.0005889766057315803,0.83824602569716355,False,1.6522115034437456e-05,0,0.98633989353182083,0.98633989353182083,False,0.00067450992641689893,0.0010310969044031236,0.98633989353182083
BTC-USD,garch11,1864,ok|flag=0,False,21,20,0.00012281191865001265,2.8310590538538349e-09,0.90149693710079293,1.4503615372801051e-08,0.90149693993185198,False,4.3579533124926682e-05,0,0.96504640933495001,0.96504640933495001,False,1.6598243964373145e-08,1.8797478240670604e-08,0.96504640933495001
BTC-USD,garch11,1885,ok|flag=0,False,21,20,0.00033337968556707476,-1.3181344904467096e-11,0.72285249489522607,1.6223136940945766e-10,0.72285249488204473,True,5.1726101236444811e-05,6.5802468780454829e-17,0.95699869989154318,0.95699869989154318,False,1.6496022535747348e-10,2.8554455839639021e-10,0.95699869989154318
BTC-USD,garch11,1906,ok|flag=0,False,21,20,0.00018221009967447742,0.020629831777925767,0.82262104176790618,2.8290441450548502e-15,0.84325087354583195,True,0.00018221009967440001,0.020629831777925701,0.82262104176790662,0.84325087354583239,False,6.9109506972054194e-14,3.9802197667278146e-43,0.84325087354583239
BTC-USD,garch11,1927,ok|flag=0,False,21,20,0.0010383357647747919,0.16364194164510057,9.4368957093138306e-16,4.9597309520490043e-15,0.16364194164510151,True,0.0010383357647747,0.1636419416451004,0,0.1636419416451004,False,8.5170184116223366e-14,0,0.1636419416451004
BTC-USD,garch11,1948,ok|flag=0,False,21,20,0.00098980122363203846,0.18179479467834425,-6.9388939039072284e-16,6.463608478974552e-16,0.18179479467834356,True,0.00098980122363200008,0.18179479467834411,0,0.18179479467834411,False,3.811886841289789e-14,0,0.18179479467834411
BTC-USD,garch11,1969,ok|flag=0,False,21,20,0.00066144094641903625,0.22141366999181278,0.22433602284230228,8.4717814965099519e-13,0.44574969283411503,True,0.00066144094641829997,0.2214136699918125,0.2243360228423025,0.44574969283411509,False,1.3437211411492666e-14,0,0.44574969283411509
BTC-USD,garch11,1990,ok|flag=0,False,21,20,0.00063850910089395768,0.26194098249856868,0.2055752559564174,3.5261271899350723e-12,0.46751623845498608,True,0.00063850910089110005,0.2619409824985689,0.2055752559564176,0.46751623845498658,False,1.3699435262183949e-14,0,0.46751623845498658
BTC-USD,garch11,2011,ok|flag=0,False,21,20,0.00056558365425298505,0.22569184038256751,0.27478032323740847,1.1811174056990016e-13,0.50047216361997604,True,0.00056558365425279998,0.2256918403825672,0.27478032323740842,0.5004721636199756,False,1.1564822802035416e-13,3.1103913762672668e-281,0.5004721636199756
BTC-USD,garch11,2032,ok|flag=0,False,21,20,0.00051850659960829527,0.24257830924111345,0.30298688851753108,4.3138912889409008e-16,0.54556519775864454,True,0.00051850659960819996,0.2425783092411134,0.30298688851753081,0.54556519775864432,False,1.2317961451321119e-13,5.1513090366363232e-260,0.54556519775864432
BTC-USD,garch11,2053,ok|flag=0,False,21,20,0.00053404350943504959,0.26072088397603682,0.28177605243482789,6.7521344948857822e-14,0.54249693641086472,True,0.00053404350943489997,0.26072088397603671,0.28177605243482778,0.54249693641086449,False,1.3307432679140131e-13,8.9544780246017829e-276,0.54249693641086449
BTC-USD,garch11,2074,ok|flag=0,False,21,20,0.00041048837152594828,0.25257482843880907,0.38499063928065114,3.9822957828400768e-15,0.63756546771946021,True,0.00041048837152589997,0.25257482843880891,0.38499063928065108,0.63756546771945999,False,6.6257585625328852e-14,5.3098844246812022e-208,0.63756546771945999
BTC-USD,garch11,2095,ok|flag=0,False,21,20,0.00038233891535635384,0.29811959646381142,0.37179162513180547,4.1978670617213752e-15,0.66991122159561689,True,0.00038233891535630001,0.29811959646381131,0.37179162513180503,0.66991122159561634,False,8.2136476418073934e-14,1.4118916782979018e-215,0.66991122159561634
BTC-USD,garch11,2116,ok|flag=0,False,21,20,0.00028121044089741233,0.28228271105449887,0.47219418553421455,8.3891330788301679e-13,0.75447689658871342,True,0.00028121044089689999,0.28228271105449859,0.47219418553421422,0.75447689658871286,False,7.3318090385360256e-14,1.1489933047716643e-163,0.75447689658871286
BTC-USD,garch11,2137,ok|flag=0,False,21,20,0.00026451880216355649,0.25869990046545932,0.49988028877505092,3.2855543520201453e-15,0.75858018924051018,True,0.0002645188021635,0.2586999004654596,0.49988028877505097,0.75858018924051063,False,1.0062267564470162e-13,2.7102291922839056e-151,0.75858018924051063
BTC-USD,garch11,2158,ok|flag=0,False,21,20,0.00021367746546697454,0.24129324492255444,0.54061352120797157,8.2609136473641015e-16,0.78190676613052601,True,0.0002136774654669,0.2412932449225545,0.5406135212079719,0.78190676613052645,False,1.5838316675816808e-13,2.7762066365134476e-134,0.78190676613052645
BTC-USD,garch11,2179,ok|flag=0,False,21,20,0.00020070924806512295,0.28974427578374751,0.50960494978384285,6.3547893636138672e-13,0.79934922556759036,True,0.00020070924806479999,0.2897442757837474,0.50960494978384263,0.79934922556759003,False,1.3495525011417569e-13,4.1382699861246112e-147,0.79934922556759003
BTC-USD,garch11,2200,ok|flag=0,False,21,20,0.00023859338719397995,0.40205852994114721,0.38721298776054514,3.2099313500258953e-13,0.78927151770169235,True,0.0002385933871938,0.4020585299411471,0.3872129877605453,0.78927151770169246,False,1.3611211046461736e-13,9.4396939930215723e-207,0.78927151770169246
BTC-USD,garch11,2221,ok|flag=0,False,21,20,0.00024433889806687133,0.38018420079166221,0.38388074756464302,2.4832290094752108e-15,0.76406494835630523,True,0.00024433889806679999,0.38018420079166199,0.3838807475646428,0.7640649483563049,False,1.7151549217247601e-13,1.2536200692192896e-208,0.7640649483563049
BTC-USD,garch11,2242,ok|flag=0,False,21,20,0.00017602064022072917,0.2760071837167769,0.51592665945164762,1.1360338130135942e-15,0.79193384316842452,True,0.00017602064022070001,0.27600718371677718,0.51592665945164851,0.79193384316842574,False,7.4825866111585973e-14,1.9678177096295633e-144,0.79193384316842574
BTC-USD,garch11,2263,ok|flag=0,False,21,20,0.00018944490141927059,0.17152947158207665,0.54652156979864985,1.8025986582377223e-13,0.71805104138072651,True,0.00018944490141909999,0.17152947158207649,0.54652156979864952,0.71805104138072606,False,2.1488180247468465e-13,6.3628773845122971e-132,0.71805104138072606
BTC-USD,garch11,2284,ok|flag=0,False,21,20,0.00044452942228786796,0.27876804087934615,0.044930986865653194,2.0759641203853153e-13,0.32369902774499937,True,0.00044452942228770002,0.27876804087934609,0.044930986865653201,0.32369902774499931,False,1.5129515297004586e-13,0,0.32369902774499931
BTC-USD,garch11,2305,ok|flag=0,False,21,20,0.00043525108497700037,0.31282928349410777,2.7755575615628914e-17,1.2067403526675799e-13,0.31282928349410777,True,0.00043525108497690003,0.31282928349410788,0,0.31282928349410788,False,1.0936472815112979e-13,0,0.31282928349410788
BTC-USD,garch11,2326,ok|flag=0,False,21,20,0.00018806203822843243,0.21863926205541134,0.47885866686742495,2.8888419569967637e-12,0.69749792892283624,True,0.00018806203822720001,0.2186392620554114,0.47885866686742501,0.69749792892283646,False,6.2309883138242412e-14,1.2696267482978812e-160,0.69749792892283646
BTC-USD,garch11,2347,ok|flag=0,False,21,20,0.00014597885385296498,0.16886350919096682,0.58451238214629631,4.4844039327572269e-14,0.75337589133726313,True,0.00014597885385290001,0.16886350919096679,0.58451238214629664,0.75337589133726346,False,1.2872706434807961e-13,2.4937779688991503e-117,0.75337589133726346
BTC-USD,garch11,2368,ok|flag=0,False,21,20,0.00041012076881060907,0.27644767990916652,1.1102230246251565e-16,6.9983710144225135e-12,0.27644767990916663,True,0.00041012076880769999,0.27644767990916641,1.3590894497593503e-16,0.27644767990916658,False,8.2068339039060416e-14,0,0.27644767990916658
BTC-USD,garch11,2389,ok|flag=0,False,21,20,0.0004240482309930623,0.29046397638663529,-1.1102230246251565e-16,1.3869826895926847e-15,0.29046397638663518,True,0.00042404823099300001,0.29046397638663529,1.2368253463603302e-16,0.2904639763866354,False,1.4700886816372473e-13,0,0.2904639763866354
BTC-USD,garch11,2410,ok|flag=0,False,21,20,0.00010245872694398027,0.13921999795091256,0.6939708564175211,1.4505456960946546e-13,0.83319085436843365,True,0.0001024587269439,0.13921999795091231,0.6939708564175211,0.83319085436843343,False,9.5688009505838535e-15,4.6839929641469404e-80,0.83319085436843343
BTC-USD,garch11,2431,ok|flag=0,False,21,20,9.9466459736503694e-05,0.13634203003768763,0.70694253959729492,2.585222823314927e-13,0.84328456963498255,True,9.9466459736395274e-05,0.13634203003768769,0.70694253959729525,0.84328456963498299,False,7.6229307822565909e-16,4.9210508559703676e-76,0.84328456963498299
BTC-USD,garch11,2452,ok|flag=0,False,21,20,0.00010730510365139456,0.13190979785385415,0.70298486618471523,9.220374126555355e-13,0.83489466403856938,True,0.0001073051036508,0.13190979785385401,0.70298486618471545,0.83489466403856949,False,1.4253906084438986e-13,2.9715827436553768e-77,0.83489466403856949
BTC-USD,garch11,2473,ok|flag=0,False,21,20,0.00011097852499114845,0.098493861291731988,0.73028725751188173,1.2739246541296961e-15,0.82878111880361371,True,0.0001109785249911,0.098493861291731793,0.73028725751188017,0.82878111880361205,False,1.0924404311520028e-13,5.5829204416417291e-69,0.82878111880361205
BTC-USD,garch11,2494,ok|flag=0,False,21,20,0.00010677491686470234,0.11129738035795633,0.72074984536558739,4.3212764399221022e-14,0.83204722572354373,True,0.00010677491686459999,0.11129738035795581,0.72074984536558662,0.83204722572354251,False,2.0405302343197119e-13,7.8033114656617496e-72,0.83204722572354251
BTC-USD,garch11,2515,ok|flag=0,False,21,20,9.8611459314562806e-05,0.12316786153762815,0.72083420140690113,6.064293265677123e-14,0.84400206294452929,True,9.8611459314533885e-05,0.1231678615376284,0.72083420140690169,0.84400206294453017,False,4.3706650318153264e-16,8.2735560044022189e-72,0.84400206294453017
BTC-USD,garch11,2536,ok|flag=0,False,21,20,9.3383492003657457e-05,0.094322410889396469,0.74263637365506907,2.6107275319451608e-15,0.83695878454446548,True,9.3383492003659056e-05,0.094322410889396094,0.74263637365506818,0.83695878454446437,False,6.5803024284361265e-16,2.4440403980603679e-65,0.83695878454446437
BTC-USD,garch11,2557,ok|flag=0,False,21,20,0.00010499567878896401,0.12114250103872792,0.71286497867964438,1.1136340102758944e-13,0.8340074797183723,True,0.0001049956787889,0.12114250103872801,0.71286497867964416,0.83400747971837219,False,1.3973354501560651e-14,3.1888912099772421e-74,0.83400747971837219
BTC-USD,garch11,2578,ok|flag=0,False,21,20,8.3711946099721419e-05,0.10423851596428046,0.76477433659478222,5.8673132190754807e-15,0.86901285255906269,True,8.3711946099719061e-05,0.1042385159642807,0.76477433659478189,0.86901285255906258,False,3.6670707619221755e-16,5.8432300158064781e-59,0.86901285255906258
BTC-USD,garch11,2599,ok|flag=0,False,21,20,9.34673959498591e-05,0.10659381196843065,0.74750173276110365,1.5141512208325239e-14,0.85409554472953431,True,9.3467395949852513e-05,0.1065938119684306,0.74750173276110332,0.85409554472953397,False,4.3507277252073662e-16,6.3988489917664947e-64,0.85409554472953397
BTC-USD,garch11,2620,ok|flag=0,False,21,20,8.5801766757237713e-05,0.10242526721773537,0.76218604567041037,7.5250334765487904e-13,0.86461131288814574,True,8.5801766756896556e-05,0.10242526721773521,0.76218604567041037,0.86461131288814563,False,5.335611424405707e-16,1.0727453927083517e-59,0.86461131288814563
BTC-USD,garch11,2641,ok|flag=0,False,21,20,0.00019453984550036373,-3.7451132423982347e-05,0.75418379506358224,0.0033088483848746934,0.7541463439311582,False,5.3417608220819697e-06,0,0.9934331442444132,0.9934331442444132,False,0.0036503505984205606,0.037095626224440438,0.9934331442444132
BTC-USD,garch11,2662,ok|flag=0,False,21,20,4.812952850752282e-05,0.054545754949702263,0.874836304296159,1.6629255185121373e-14,0.92938205924586126,True,4.8129528507513997e-05,0.054545754949702499,0.874836304296158,0.92938205924586059,False,3.4963827737485157e-16,9.1917590249504169e-30,0.92938205924586059
BTC-USD,garch11,2683,ok|flag=0,False,21,20,0.00011850826168495094,0.07182481632925497,0.75631479400990487,1.6185781941098505e-14,0.82813961033915984,True,0.0001185082616849,0.071824816329255206,0.75631479400990409,0.82813961033915939,False,7.9512653785646394e-14,2.2454210053382724e-61,0.82813961033915939
BTC-USD,garch11,2704,ok|flag=0,False,21,20,6.6160358876210504e-05,2.7674019872359068e-06,0.91236871958012655,2.4451278851177877e-05,0.91237148698211379,False,1.1216194735648475e-05,0,0.98514887377987725,0.98514887377987725,False,2.7029474049900549e-05,0.00056355018516749333,0.98514887377987725
BTC-USD,garch11,2725,ok|flag=0,False,21,20,8.8507993478787828e-05,0.061929226359258682,0.81154391553704963,9.737762452583771e-16,0.87347314189630831,True,8.8507993478787882e-05,0.061929226359258599,0.81154391553704908,0.87347314189630776,False,3.9657574390519212e-16,4.5291114855146893e-46,0.87347314189630776
BTC-USD,garch11,2746,ok|flag=0,False,21,20,0.00011464793013625234,0.073782654531644731,0.76149659703765249,8.716794024747466e-16,0.83527925156929728,True,0.0001146479301362,0.073782654531644898,0.7614965970376526,0.8352792515692975,False,7.629158573900763e-14,6.8231269929135063e-60,0.8352792515692975
BTC-USD,garch11,2767,ok|flag=0,False,21,20,0.00010940550814018401,0.096634713381312132,0.75782107876183158,8.7104506155643054e-15,0.85445579214314371,True,0.0001094055081401,0.096634713381312298,0.75782107876183213,0.85445579214314449,False,1.4411836473024578e-13,6.0721220871718299e-61,0.85445579214314449
BTC-USD,garch11,2788,ok|flag=0,False,21,20,0.000103969259705438,0.091007481100194521,0.77036418920849914,1.0152051895937431e-12,0.86137167030869366,True,0.0001039692597048,0.091007481100194507,0.77036418920849914,0.86137167030869366,False,1.3067383123295637e-13,2.2286562474877505e-57,0.86137167030869366
BTC-USD,garch11,2809,ok|flag=0,False,21,20,0.00012364349059524652,0.098834587048025724,0.73717940825388062,2.2980471585740201e-14,0.83601399530190634,True,0.00012364349059520001,0.098834587048025904,0.73717940825388051,0.83601399530190645,False,6.7465604655384073e-14,6.1178348748105917e-67,0.83601399530190645
BTC-USD,garch11,2830,ok|flag=0,False,21,20,0.00012800135508206481,0.09855658020649849,0.72853806220181716,1.76489939897871e-15,0.82709464240831565,True,0.000128001355082,0.098556580206498406,0.72853806220181749,0.82709464240831587,False,1.2752655593439379e-13,1.6831511832045583e-69,0.82709464240831587
BTC-USD,garch11,2851,ok|flag=0,False,21,20,0.00013199493401206452,0.13044844266087052,0.68814526629638406,5.3627742074901895e-15,0.81859370895725458,True,0.00013199493401200001,0.13044844266087091,0.68814526629638439,0.81859370895725536,False,1.3050902133753029e-13,6.9193192719223781e-82,0.81859370895725536
BTC-USD,garch11,2872,ok|flag=0,False,21,20,0.00013434689578782405,0.13531106361689327,0.6795739845951817,2.1870853256662801e-15,0.81488504821207497,True,0.00013434689578780001,0.1353110636168931,0.67957398459518192,0.81488504821207508,False,5.0663790508034818e-14,1.3133256966224373e-84,0.81488504821207508
BTC-USD,garch11,2893,ok|flag=0,False,21,20,6.9270298061783675e-05,0.089451700564794789,0.80504887740820319,5.1296580694600132e-16,0.89450057797299798,True,6.9270298061783269e-05,0.089451700564794803,0.8050488774082043,0.89450057797299909,False,2.7963161434223454e-16,8.1493763182293849e-48,0.89450057797299909
BTC-USD,garch11,2914,ok|flag=0,False,21,20,4.3095646870558983e-05,0.078618958892243351,0.85060461849648916,5.1770315696901514e-15,0.92922357738873251,True,4.3095646870557323e-05,0.078618958892243296,0.8506046184964885,0.92922357738873185,False,2.4481929471550395e-16,7.3091727860223973e-36,0.92922357738873185
BTC-USD,garch11,2935,ok|flag=0,False,21,20,4.9767386404847836e-05,0.081127596006190461,0.83557998409751699,6.1788107219401407e-16,0.91670758010370745,True,4.9767386404847829e-05,0.0811275960061901,0.83557998409751677,0.91670758010370679,False,4.3072077821309198e-16,9.8631142174500875e-40,0.91670758010370679
BTC-USD,garch11,2956,ok|flag=0,False,21,20,3.0249582549273439e-05,0.086435136436930238,0.86017787984088412,4.2475423652724247e-13,0.94661301627781436,True,3.0249582549149559e-05,0.086435136436929794,0.86017787984088367,0.94661301627781358,False,3.9443237198306152e-16,1.9684984022432639e-33,0.94661301627781358
BTC-USD,garch11,2977,ok|flag=0,False,21,20,3.2626184100198345e-05,0.080508879623207186,0.86536578669005992,3.2066645105025508e-16,0.94587466631326711,True,3.2626184100198217e-05,0.080508879623207394,0.86536578669006003,0.94587466631326755,False,3.7889588046759967e-16,3.979792374032165e-32,0.94587466631326755
BTC-USD,garch11,2998,ok|flag=0,False,21,20,3.3767020878268824e-05,0.078184238014059826,0.86253008837283773,3.4271841105000913e-14,0.94071432638689756,True,3.3767020878252954e-05,0.078184238014060103,0.86253008837283651,0.94071432638689678,False,3.4025025754965954e-16,7.7112882455307152e-33,0.94071432638689678
BTC-USD,garch11,3019,ok|flag=0,False,21,20,3.3003457817199843e-05,0.073546081249135531,0.86885993179938259,2.744341015734918e-14,0.94240601304851812,True,3.3003457817187124e-05,0.073546081249135295,0.86885993179938281,0.94240601304851823,False,5.3781150525693661e-16,2.9845916262057287e-31,0.94240601304851823
BTC-USD,garch11,3040,ok|flag=0,False,21,20,2.8717139032305745e-05,0.05518577998107832,0.88890308323825029,3.2254740575694064e-16,0.94408886321932861,True,2.8717139032305667e-05,0.055185779981078202,0.88890308323825051,0.94408886321932883,False,3.4580229393543231e-16,2.6742764222996635e-26,0.94408886321932883
BTC-USD,garch11,3061,ok|flag=0,False,21,20,2.9665969895724886e-05,0.068669441999801739,0.87188174531680396,6.7304426828044392e-15,0.9405511873166057,True,2.9665969895722744e-05,0.068669441999801697,0.87188174531680462,0.94055118731660636,False,5.0640657116393183e-16,1.6935282434417873e-30,0.94055118731660636
BTC-USD,garch11,3082,ok|flag=0,False,21,20,2.9839275895637889e-05,0.064588150600885408,0.87563427734972354,1.1690970183655211e-14,0.94022242795060895,True,2.9839275895633345e-05,0.0645881506008852,0.87563427734972377,0.94022242795060917,False,7.9744509268137812e-16,1.4500300524704098e-29,0.94022242795060917
BTC-USD,garch11,3103,ok|flag=0,False,21,20,4.7006426481235171e-05,0.11779214410829042,0.80739041018987767,2.1172186753364941e-13,0.92518255429816809,True,4.7006426481132511e-05,0.1177921441082902,0.80739041018987767,0.92518255429816798,False,5.6882494962887323e-16,3.4817162776242281e-47,0.92518255429816798
BTC-USD,garch11,3124,ok|flag=0,False,21,20,3.6039200033688884e-05,0.10591592333983002,0.83797847626461475,8.2228669181447317e-15,0.94389439960444477,True,3.6039200033684717e-05,0.1059159233398299,0.83797847626461486,0.94389439960444477,False,4.1114334590723658e-16,4.1345846978245217e-39,0.94389439960444477
BTC-USD,garch11,3145,ok|flag=0,False,21,20,4.6731203745859536e-05,0.11250142401272711,0.80746747159691745,1.7817312755553946e-14,0.91996889560964457,True,4.6731203745852821e-05,0.1125014240127272,0.80746747159691723,0.91996889560964445,False,3.7388947663558603e-16,3.6518927554063813e-47,0.91996889560964445
BTC-USD,garch11,3166,ok|flag=0,False,21,20,4.9025672923854923e-05,0.11482380230787159,0.80043478073307872,9.4597413153518575e-16,0.91525858304095031,True,4.902567292385474e-05,0.11482380230787149,0.80043478073307861,0.91525858304094998,False,3.080517489288132e-16,4.6023085808400382e-49,0.91525858304094998
BTC-USD,garch11,3187,ok|flag=0,False,21,20,5.4733447977654422e-05,0.13414163172656979,0.76861871068731702,9.828999867242518e-16,0.90276034241388681,True,5.4733447977654327e-05,0.13414163172656959,0.7686187106873168,0.90276034241388636,False,3.4480271682469218e-16,7.1692908713748534e-58,0.90276034241388636
BTC-USD,garch11,3208,ok|flag=0,False,21,20,3.7692259574139124e-05,0.12345066269898419,0.80803709045588357,2.4351821550037768e-13,0.93148775315486776,True,3.7692259574046825e-05,0.1234506626989841,0.80803709045588379,0.93148775315486798,False,4.297380273536077e-16,5.1957481528227492e-47,0.93148775315486798
BTC-USD,garch11,3229,ok|flag=0,False,21,20,6.2519525549257381e-05,0.14938761050658289,0.73989672223968306,3.4472137852238538e-16,0.88928433274626595,True,6.2519525549257273e-05,0.14938761050658289,0.73989672223968328,0.88928433274626628,False,3.4530233307044399e-16,3.8508064933086236e-66,0.88928433274626628
BTC-USD,garch11,3250,ok|flag=0,False,21,20,3.5292342170772538e-05,0.10032198938464665,0.82786623987840402,2.2795992977409745e-15,0.92818822926305067,True,3.5292342170772124e-05,0.1003219893846463,0.82786623987840358,0.92818822926305,False,4.3244420248375318e-16,9.5518233411165877e-42,0.92818822926305
BTC-USD,garch11,3271,ok|flag=0,False,19,18,8.1995816474708376e-05,0.14624899817185355,0.68342303338421106,7.4217483445189914e-13,0.82967203155606462,True,8.1995816474508598e-05,0.14624899817185319,0.6834230333842114,0.82967203155606462,False,6.5049768773501857e-16,2.212105630055451e-83,0.82967203155606462
