asset,loss,model,rank
BTC-USD,crps,autoarima,7
CAC,crps,autoarima,7
DAX,crps,autoarima,2
DIA,crps,autoarima,2
ETH-USD,crps,autoarima,6
HSI,crps,autoarima,3
KOSPI,crps,autoarima,5
NDX,crps,autoarima,2
NKX,crps,autoarima,11
SPY,crps,autoarima,3
TWSE,crps,autoarima,5
BTC-USD,crps,autoets,10
CAC,crps,autoets,6
DAX,crps,autoets,3
DIA,crps,autoets,1
ETH-USD,crps,autoets,8
HSI,crps,autoets,6
KOSPI,crps,autoets,2
NDX,crps,autoets,1
NKX,crps,autoets,4
SPY,crps,autoets,2
TWSE,crps,autoets,2
BTC-USD,crps,chronos,3
CAC,crps,chronos,4
DAX,crps,chronos,5
DIA,crps,chronos,7
ETH-USD,crps,chronos,3
HSI,crps,chronos,4
KOSPI,crps,chronos,6
NDX,crps,chronos,6
NKX,crps,chronos,8
SPY,crps,chronos,6
TWSE,crps,chronos,7
BTC-USD,crps,ewma,5
CAC,crps,ewma,9
DAX,crps,ewma,9
DIA,crps,ewma,10
ETH-USD,crps,ewma,9
HSI,crps,ewma,9
KOSPI,crps,ewma,10
NDX,crps,ewma,10
NKX,crps,ewma,7
SPY,crps,ewma,10
TWSE,crps,ewma,8
BTC-USD,crps,garch11,9
CAC,crps,garch11,10
DAX,crps,garch11,10
DIA,crps,garch11,9
ETH-USD,crps,garch11,10
HSI,crps,garch11,10
KOSPI,crps,garch11,9
NDX,crps,garch11,9
NKX,crps,garch11,3
SPY,crps,garch11,9
TWSE,crps,garch11,9
BTC-USD,crps,garch11_t,4
CAC,crps,garch11_t,8
DAX,crps,garch11_t,8
DIA,crps,garch11_t,8
ETH-USD,crps,garch11_t,4
HSI,crps,garch11_t,8
KOSPI,crps,garch11_t,8
NDX,crps,garch11_t,8
NKX,crps,garch11_t,2
SPY,crps,garch11_t,7
TWSE,crps,garch11_t,3
BTC-USD,crps,gjr,11
CAC,crps,gjr,3
DAX,crps,gjr,6
DIA,crps,gjr,3
ETH-USD,crps,gjr,12
HSI,crps,gjr,7
KOSPI,crps,gjr,3
NDX,crps,gjr,3
NKX,crps,gjr,1
SPY,crps,gjr,1
TWSE,crps,gjr,1
BTC-USD,crps,har,6
CAC,crps,har,1
DAX,crps,har,4
DIA,crps,har,4
ETH-USD,crps,har,5
HSI,crps,har,2
KOSPI,crps,har,4
NDX,crps,har,4
NKX,crps,har,5
SPY,crps,har,5
TWSE,crps,har,4
BTC-USD,crps,lgbm,8
CAC,crps,lgbm,11
DAX,crps,lgbm,11
DIA,crps,lgbm,12
ETH-USD,crps,lgbm,7
HSI,crps,lgbm,11
KOSPI,crps,lgbm,11
NDX,crps,lgbm,11
NKX,crps,lgbm,10
SPY,crps,lgbm,12
TWSE,crps,lgbm,11
BTC-USD,crps,moirai,1
CAC,crps,moirai,2
DAX,crps,moirai,1
DIA,crps,moirai,5
ETH-USD,crps,moirai,1
HSI,crps,moirai,1
KOSPI,crps,moirai,1
NDX,crps,moirai,5
NKX,crps,moirai,6
SPY,crps,moirai,4
TWSE,crps,moirai,6
BTC-USD,crps,naive,13
CAC,crps,naive,13
DAX,crps,naive,13
DIA,crps,naive,13
ETH-USD,crps,naive,13
HSI,crps,naive,13
KOSPI,crps,naive,13
NDX,crps,naive,13
NKX,crps,naive,13
SPY,crps,naive,13
TWSE,crps,naive,13
BTC-USD,crps,patchtst,12
CAC,crps,patchtst,12
DAX,crps,patchtst,12
DIA,crps,patchtst,11
ETH-USD,crps,patchtst,11
HSI,crps,patchtst,12
KOSPI,crps,patchtst,12
NDX,crps,patchtst,12
NKX,crps,patchtst,12
SPY,crps,patchtst,11
TWSE,crps,patchtst,12
BTC-USD,crps,timesfm,2
CAC,crps,timesfm,5
DAX,crps,timesfm,7
DIA,crps,timesfm,6
ETH-USD,crps,timesfm,2
HSI,crps,timesfm,5
KOSPI,crps,timesfm,7
NDX,crps,timesfm,7
NKX,crps,timesfm,9
SPY,crps,timesfm,8
TWSE,crps,timesfm,10
BTC-USD,log_score,autoarima,6
CAC,log_score,autoarima,8
DAX,log_score,autoarima,5
DIA,log_score,autoarima,3
ETH-USD,log_score,autoarima,7
HSI,log_score,autoarima,4
KOSPI,log_score,autoarima,3
NDX,log_score,autoarima,3
NKX,log_score,autoarima,10
SPY,log_score,autoarima,3
TWSE,log_score,autoarima,7
BTC-USD,log_score,autoets,10
CAC,log_score,autoets,6
DAX,log_score,autoets,2
DIA,log_score,autoets,1
ETH-USD,log_score,autoets,9
HSI,log_score,autoets,5
KOSPI,log_score,autoets,2
NDX,log_score,autoets,1
NKX,log_score,autoets,9
SPY,log_score,autoets,2
TWSE,log_score,autoets,5
BTC-USD,log_score,chronos,4
CAC,log_score,chronos,7
DAX,log_score,chronos,6
DIA,log_score,chronos,8
ETH-USD,log_score,chronos,4
HSI,log_score,chronos,6
KOSPI,log_score,chronos,8
NDX,log_score,chronos,7
NKX,log_score,chronos,6
SPY,log_score,chronos,7
TWSE,log_score,chronos,11
BTC-USD,log_score,ewma,12
CAC,log_score,ewma,10
DAX,log_score,ewma,9
DIA,log_score,ewma,10
ETH-USD,log_score,ewma,11
HSI,log_score,ewma,8
KOSPI,log_score,ewma,9
NDX,log_score,ewma,10
NKX,log_score,ewma,4
SPY,log_score,ewma,10
TWSE,log_score,ewma,4
BTC-USD,log_score,garch11,7
CAC,log_score,garch11,9
DAX,log_score,garch11,10
DIA,log_score,garch11,9
ETH-USD,log_score,garch11,8
HSI,log_score,garch11,9
KOSPI,log_score,garch11,10
NDX,log_score,garch11,9
NKX,log_score,garch11,3
SPY,log_score,garch11,9
TWSE,log_score,garch11,3
BTC-USD,log_score,garch11_t,1
CAC,log_score,garch11_t,1
DAX,log_score,garch11_t,4
DIA,log_score,garch11_t,2
ETH-USD,log_score,garch11_t,1
HSI,log_score,garch11_t,1
KOSPI,log_score,garch11_t,1
NDX,log_score,garch11_t,5
NKX,log_score,garch11_t,1
SPY,log_score,garch11_t,1
TWSE,log_score,garch11_t,1
BTC-USD,log_score,gjr,8
CAC,log_score,gjr,3
DAX,log_score,gjr,8
DIA,log_score,gjr,5
ETH-USD,log_score,gjr,10
HSI,log_score,gjr,10
KOSPI,log_score,gjr,5
NDX,log_score,gjr,4
NKX,log_score,gjr,2
SPY,log_score,gjr,5
TWSE,log_score,gjr,2
BTC-USD,log_score,har,5
CAC,log_score,har,2
DAX,log_score,har,1
DIA,log_score,har,4
ETH-USD,log_score,har,5
HSI,log_score,har,3
KOSPI,log_score,har,6
NDX,log_score,har,2
NKX,log_score,har,7
SPY,log_score,har,4
TWSE,log_score,har,6
BTC-USD,log_score,lgbm,9
CAC,log_score,lgbm,11
DAX,log_score,lgbm,11
DIA,log_score,lgbm,11
ETH-USD,log_score,lgbm,6
HSI,log_score,lgbm,11
KOSPI,log_score,lgbm,11
NDX,log_score,lgbm,11
NKX,log_score,lgbm,11
SPY,log_score,lgbm,11
TWSE,log_score,lgbm,8
BTC-USD,log_score,moirai,3
CAC,log_score,moirai,4
DAX,log_score,moirai,3
DIA,log_score,moirai,6
ETH-USD,log_score,moirai,3
HSI,log_score,moirai,2
KOSPI,log_score,moirai,4
NDX,log_score,moirai,6
NKX,log_score,moirai,5
SPY,log_score,moirai,6
TWSE,log_score,moirai,10
BTC-USD,log_score,naive,11
CAC,log_score,naive,13
DAX,log_score,naive,12
DIA,log_score,naive,13
ETH-USD,log_score,naive,12
HSI,log_score,naive,13
KOSPI,log_score,naive,13
NDX,log_score,naive,13
NKX,log_score,naive,12
SPY,log_score,naive,13
TWSE,log_score,naive,12
BTC-USD,log_score,patchtst,13
CAC,log_score,patchtst,12
DAX,log_score,patchtst,13
DIA,log_score,patchtst,12
ETH-USD,log_score,patchtst,13
HSI,log_score,patchtst,12
KOSPI,log_score,patchtst,12
NDX,log_score,patchtst,12
NKX,log_score,patchtst,13
SPY,log_score,patchtst,12
TWSE,log_score,patchtst,13
BTC-USD,log_score,timesfm,2
CAC,log_score,timesfm,5
DAX,log_score,timesfm,7
DIA,log_score,timesfm,7
ETH-USD,log_score,timesfm,2
HSI,log_score,timesfm,7
KOSPI,log_score,timesfm,7
NDX,log_score,timesfm,8
NKX,log_score,timesfm,8
SPY,log_score,timesfm,8
TWSE,log_score,timesfm,9
BTC-USD,pinball_0p01,autoarima,6
CAC,pinball_0p01,autoarima,6
DAX,pinball_0p01,autoarima,7
DIA,pinball_0p01,autoarima,4
ETH-USD,pinball_0p01,autoarima,2
HSI,pinball_0p01,autoarima,3
KOSPI,pinball_0p01,autoarima,2
NDX,pinball_0p01,autoarima,3
NKX,pinball_0p01,autoarima,9
SPY,pinball_0p01,autoarima,5
TWSE,pinball_0p01,autoarima,8
BTC-USD,pinball_0p01,autoets,10
CAC,pinball_0p01,autoets,5
DAX,pinball_0p01,autoets,3
DIA,pinball_0p01,autoets,2
ETH-USD,pinball_0p01,autoets,9
HSI,pinball_0p01,autoets,1
KOSPI,pinball_0p01,autoets,1
NDX,pinball_0p01,autoets,1
NKX,pinball_0p01,autoets,5
SPY,pinball_0p01,autoets,2
TWSE,pinball_0p01,autoets,5
BTC-USD,pinball_0p01,chronos,3
CAC,pinball_0p01,chronos,9
DAX,pinball_0p01,chronos,5
DIA,pinball_0p01,chronos,8
ETH-USD,pinball_0p01,chronos,3
HSI,pinball_0p01,chronos,10
KOSPI,pinball_0p01,chronos,8
NDX,pinball_0p01,chronos,7
NKX,pinball_0p01,chronos,8
SPY,pinball_0p01,chronos,8
TWSE,pinball_0p01,chronos,11
BTC-USD,pinball_0p01,ewma,12
CAC,pinball_0p01,ewma,8
DAX,pinball_0p01,ewma,6
DIA,pinball_0p01,ewma,10
ETH-USD,pinball_0p01,ewma,12
HSI,pinball_0p01,ewma,6
KOSPI,pinball_0p01,ewma,7
NDX,pinball_0p01,ewma,10
NKX,pinball_0p01,ewma,4
SPY,pinball_0p01,ewma,10
TWSE,pinball_0p01,ewma,3
BTC-USD,pinball_0p01,garch11,9
CAC,pinball_0p01,garch11,3
DAX,pinball_0p01,garch11,10
DIA,pinball_0p01,garch11,6
ETH-USD,pinball_0p01,garch11,10
HSI,pinball_0p01,garch11,8
KOSPI,pinball_0p01,garch11,10
NDX,pinball_0p01,garch11,9
NKX,pinball_0p01,garch11,3
SPY,pinball_0p01,garch11,7
TWSE,pinball_0p01,garch11,4
BTC-USD,pinball_0p01,garch11_t,11
CAC,pinball_0p01,garch11_t,2
DAX,pinball_0p01,garch11_t,1
DIA,pinball_0p01,garch11_t,1
ETH-USD,pinball_0p01,garch11_t,6
HSI,pinball_0p01,garch11_t,4
KOSPI,pinball_0p01,garch11_t,3
NDX,pinball_0p01,garch11_t,5
NKX,pinball_0p01,garch11_t,2
SPY,pinball_0p01,garch11_t,1
TWSE,pinball_0p01,garch11_t,1
BTC-USD,pinball_0p01,gjr,5
CAC,pinball_0p01,gjr,1
DAX,pinball_0p01,gjr,2
DIA,pinball_0p01,gjr,3
ETH-USD,pinball_0p01,gjr,7
HSI,pinball_0p01,gjr,2
KOSPI,pinball_0p01,gjr,4
NDX,pinball_0p01,gjr,4
NKX,pinball_0p01,gjr,1
SPY,pinball_0p01,gjr,3
TWSE,pinball_0p01,gjr,2
BTC-USD,pinball_0p01,har,4
CAC,pinball_0p01,har,4
DAX,pinball_0p01,har,4
DIA,pinball_0p01,har,5
ETH-USD,pinball_0p01,har,4
HSI,pinball_0p01,har,5
KOSPI,pinball_0p01,har,6
NDX,pinball_0p01,har,2
NKX,pinball_0p01,har,7
SPY,pinball_0p01,har,4
TWSE,pinball_0p01,har,6
BTC-USD,pinball_0p01,lgbm,8
CAC,pinball_0p01,lgbm,11
DAX,pinball_0p01,lgbm,11
DIA,pinball_0p01,lgbm,11
ETH-USD,pinball_0p01,lgbm,8
HSI,pinball_0p01,lgbm,11
KOSPI,pinball_0p01,lgbm,11
NDX,pinball_0p01,lgbm,11
NKX,pinball_0p01,lgbm,11
SPY,pinball_0p01,lgbm,11
TWSE,pinball_0p01,lgbm,7
BTC-USD,pinball_0p01,moirai,1
CAC,pinball_0p01,moirai,10
DAX,pinball_0p01,moirai,9
DIA,pinball_0p01,moirai,9
ETH-USD,pinball_0p01,moirai,1
HSI,pinball_0p01,moirai,7
KOSPI,pinball_0p01,moirai,5
NDX,pinball_0p01,moirai,8
NKX,pinball_0p01,moirai,6
SPY,pinball_0p01,moirai,9
TWSE,pinball_0p01,moirai,10
BTC-USD,pinball_0p01,naive,7
CAC,pinball_0p01,naive,12
DAX,pinball_0p01,naive,12
DIA,pinball_0p01,naive,13
ETH-USD,pinball_0p01,naive,11
HSI,pinball_0p01,naive,13
KOSPI,pinball_0p01,naive,13
NDX,pinball_0p01,naive,13
NKX,pinball_0p01,naive,12
SPY,pinball_0p01,naive,13
TWSE,pinball_0p01,naive,12
BTC-USD,pinball_0p01,patchtst,13
CAC,pinball_0p01,patchtst,13
DAX,pinball_0p01,patchtst,13
DIA,pinball_0p01,patchtst,12
ETH-USD,pinball_0p01,patchtst,13
HSI,pinball_0p01,patchtst,12
KOSPI,pinball_0p01,patchtst,12
NDX,pinball_0p01,patchtst,12
NKX,pinball_0p01,patchtst,13
SPY,pinball_0p01,patchtst,12
TWSE,pinball_0p01,patchtst,13
BTC-USD,pinball_0p01,timesfm,2
CAC,pinball_0p01,timesfm,7
DAX,pinball_0p01,timesfm,8
DIA,pinball_0p01,timesfm,7
ETH-USD,pinball_0p01,timesfm,5
HSI,pinball_0p01,timesfm,9
KOSPI,pinball_0p01,timesfm,9
NDX,pinball_0p01,timesfm,6
NKX,pinball_0p01,timesfm,10
SPY,pinball_0p01,timesfm,6
TWSE,pinball_0p01,timesfm,9
BTC-USD,pinball_0p025,autoarima,5
CAC,pinball_0p025,autoarima,6
DAX,pinball_0p025,autoarima,7
DIA,pinball_0p025,autoarima,3
ETH-USD,pinball_0p025,autoarima,4
HSI,pinball_0p025,autoarima,1
KOSPI,pinball_0p025,autoarima,2
NDX,pinball_0p025,autoarima,2
NKX,pinball_0p025,autoarima,9
SPY,pinball_0p025,autoarima,3
TWSE,pinball_0p025,autoarima,8
BTC-USD,pinball_0p025,autoets,7
CAC,pinball_0p025,autoets,5
DAX,pinball_0p025,autoets,2
DIA,pinball_0p025,autoets,1
ETH-USD,pinball_0p025,autoets,9
HSI,pinball_0p025,autoets,2
KOSPI,pinball_0p025,autoets,1
NDX,pinball_0p025,autoets,1
NKX,pinball_0p025,autoets,5
SPY,pinball_0p025,autoets,1
TWSE,pinball_0p025,autoets,5
BTC-USD,pinball_0p025,chronos,3
CAC,pinball_0p025,chronos,9
DAX,pinball_0p025,chronos,4
DIA,pinball_0p025,chronos,7
ETH-USD,pinball_0p025,chronos,2
HSI,pinball_0p025,chronos,7
KOSPI,pinball_0p025,chronos,6
NDX,pinball_0p025,chronos,7
NKX,pinball_0p025,chronos,8
SPY,pinball_0p025,chronos,7
TWSE,pinball_0p025,chronos,11
BTC-USD,pinball_0p025,ewma,10
CAC,pinball_0p025,ewma,8
DAX,pinball_0p025,ewma,9
DIA,pinball_0p025,ewma,10
ETH-USD,pinball_0p025,ewma,11
HSI,pinball_0p025,ewma,6
KOSPI,pinball_0p025,ewma,8
NDX,pinball_0p025,ewma,10
NKX,pinball_0p025,ewma,4
SPY,pinball_0p025,ewma,10
TWSE,pinball_0p025,ewma,3
BTC-USD,pinball_0p025,garch11,12
CAC,pinball_0p025,garch11,4
DAX,pinball_0p025,garch11,10
DIA,pinball_0p025,garch11,9
ETH-USD,pinball_0p025,garch11,10
HSI,pinball_0p025,garch11,11
KOSPI,pinball_0p025,garch11,10
NDX,pinball_0p025,garch11,9
NKX,pinball_0p025,garch11,2
SPY,pinball_0p025,garch11,8
TWSE,pinball_0p025,garch11,4
BTC-USD,pinball_0p025,garch11_t,11
CAC,pinball_0p025,garch11_t,3
DAX,pinball_0p025,garch11_t,3
DIA,pinball_0p025,garch11_t,6
ETH-USD,pinball_0p025,garch11_t,8
HSI,pinball_0p025,garch11_t,9
KOSPI,pinball_0p025,garch11_t,9
NDX,pinball_0p025,garch11_t,8
NKX,pinball_0p025,garch11_t,3
SPY,pinball_0p025,garch11_t,5
TWSE,pinball_0p025,garch11_t,2
BTC-USD,pinball_0p025,gjr,6
CAC,pinball_0p025,gjr,1
DAX,pinball_0p025,gjr,1
DIA,pinball_0p025,gjr,2
ETH-USD,pinball_0p025,gjr,7
HSI,pinball_0p025,gjr,4
KOSPI,pinball_0p025,gjr,3
NDX,pinball_0p025,gjr,4
NKX,pinball_0p025,gjr,1
SPY,pinball_0p025,gjr,2
TWSE,pinball_0p025,gjr,1
BTC-USD,pinball_0p025,har,4
CAC,pinball_0p025,har,2
DAX,pinball_0p025,har,5
DIA,pinball_0p025,har,5
ETH-USD,pinball_0p025,har,5
HSI,pinball_0p025,har,3
KOSPI,pinball_0p025,har,5
NDX,pinball_0p025,har,3
NKX,pinball_0p025,har,6
SPY,pinball_0p025,har,4
TWSE,pinball_0p025,har,6
BTC-USD,pinball_0p025,lgbm,8
CAC,pinball_0p025,lgbm,11
DAX,pinball_0p025,lgbm,11
DIA,pinball_0p025,lgbm,11
ETH-USD,pinball_0p025,lgbm,6
HSI,pinball_0p025,lgbm,10
KOSPI,pinball_0p025,lgbm,11
NDX,pinball_0p025,lgbm,11
NKX,pinball_0p025,lgbm,11
SPY,pinball_0p025,lgbm,11
TWSE,pinball_0p025,lgbm,7
BTC-USD,pinball_0p025,moirai,1
CAC,pinball_0p025,moirai,10
DAX,pinball_0p025,moirai,6
DIA,pinball_0p025,moirai,8
ETH-USD,pinball_0p025,moirai,1
HSI,pinball_0p025,moirai,5
KOSPI,pinball_0p025,moirai,4
NDX,pinball_0p025,moirai,5
NKX,pinball_0p025,moirai,7
SPY,pinball_0p025,moirai,9
TWSE,pinball_0p025,moirai,9
BTC-USD,pinball_0p025,naive,9
CAC,pinball_0p025,naive,13
DAX,pinball_0p025,naive,13
DIA,pinball_0p025,naive,13
ETH-USD,pinball_0p025,naive,12
HSI,pinball_0p025,naive,13
KOSPI,pinball_0p025,naive,13
NDX,pinball_0p025,naive,13
NKX,pinball_0p025,naive,12
SPY,pinball_0p025,naive,13
TWSE,pinball_0p025,naive,12
BTC-USD,pinball_0p025,patchtst,13
CAC,pinball_0p025,patchtst,12
DAX,pinball_0p025,patchtst,12
DIA,pinball_0p025,patchtst,12
ETH-USD,pinball_0p025,patchtst,13
HSI,pinball_0p025,patchtst,12
KOSPI,pinball_0p025,patchtst,12
NDX,pinball_0p025,patchtst,12
NKX,pinball_0p025,patchtst,13
SPY,pinball_0p025,patchtst,12
TWSE,pinball_0p025,patchtst,13
BTC-USD,pinball_0p025,timesfm,2
CAC,pinball_0p025,timesfm,7
DAX,pinball_0p025,timesfm,8
DIA,pinball_0p025,timesfm,4
ETH-USD,pinball_0p025,timesfm,3
HSI,pinball_0p025,timesfm,8
KOSPI,pinball_0p025,timesfm,7
NDX,pinball_0p025,timesfm,6
NKX,pinball_0p025,timesfm,10
SPY,pinball_0p025,timesfm,6
TWSE,pinball_0p025,timesfm,10
BTC-USD,pinball_0p05,autoarima,4
CAC,pinball_0p05,autoarima,4
DAX,pinball_0p05,autoarima,4
DIA,pinball_0p05,autoarima,2
ETH-USD,pinball_0p05,autoarima,5
HSI,pinball_0p05,autoarima,1
KOSPI,pinball_0p05,autoarima,2
NDX,pinball_0p05,autoarima,2
NKX,pinball_0p05,autoarima,11
SPY,pinball_0p05,autoarima,2
TWSE,pinball_0p05,autoarima,6
BTC-USD,pinball_0p05,autoets,11
CAC,pinball_0p05,autoets,3
DAX,pinball_0p05,autoets,2
DIA,pinball_0p05,autoets,1
ETH-USD,pinball_0p05,autoets,8
HSI,pinball_0p05,autoets,3
KOSPI,pinball_0p05,autoets,1
NDX,pinball_0p05,autoets,1
NKX,pinball_0p05,autoets,5
SPY,pinball_0p05,autoets,1
TWSE,pinball_0p05,autoets,4
BTC-USD,pinball_0p05,chronos,2
CAC,pinball_0p05,chronos,9
DAX,pinball_0p05,chronos,6
DIA,pinball_0p05,chronos,6
ETH-USD,pinball_0p05,chronos,2
HSI,pinball_0p05,chronos,7
KOSPI,pinball_0p05,chronos,6
NDX,pinball_0p05,chronos,6
NKX,pinball_0p05,chronos,8
SPY,pinball_0p05,chronos,6
TWSE,pinball_0p05,chronos,11
BTC-USD,pinball_0p05,ewma,8
CAC,pinball_0p05,ewma,10
DAX,pinball_0p05,ewma,8
DIA,pinball_0p05,ewma,10
ETH-USD,pinball_0p05,ewma,11
HSI,pinball_0p05,ewma,6
KOSPI,pinball_0p05,ewma,8
NDX,pinball_0p05,ewma,10
NKX,pinball_0p05,ewma,3
SPY,pinball_0p05,ewma,10
TWSE,pinball_0p05,ewma,2
BTC-USD,pinball_0p05,garch11,10
CAC,pinball_0p05,garch11,5
DAX,pinball_0p05,garch11,10
DIA,pinball_0p05,garch11,9
ETH-USD,pinball_0p05,garch11,10
HSI,pinball_0p05,garch11,10
KOSPI,pinball_0p05,garch11,9
NDX,pinball_0p05,garch11,9
NKX,pinball_0p05,garch11,2
SPY,pinball_0p05,garch11,8
TWSE,pinball_0p05,garch11,5
BTC-USD,pinball_0p05,garch11_t,6
CAC,pinball_0p05,garch11_t,7
DAX,pinball_0p05,garch11_t,9
DIA,pinball_0p05,garch11_t,8
ETH-USD,pinball_0p05,garch11_t,7
HSI,pinball_0p05,garch11_t,9
KOSPI,pinball_0p05,garch11_t,10
NDX,pinball_0p05,garch11_t,8
NKX,pinball_0p05,garch11_t,4
SPY,pinball_0p05,garch11_t,9
TWSE,pinball_0p05,garch11_t,3
BTC-USD,pinball_0p05,gjr,7
CAC,pinball_0p05,gjr,1
DAX,pinball_0p05,gjr,1
DIA,pinball_0p05,gjr,3
ETH-USD,pinball_0p05,gjr,9
HSI,pinball_0p05,gjr,5
KOSPI,pinball_0p05,gjr,5
NDX,pinball_0p05,gjr,5
NKX,pinball_0p05,gjr,1
SPY,pinball_0p05,gjr,3
TWSE,pinball_0p05,gjr,1
BTC-USD,pinball_0p05,har,5
CAC,pinball_0p05,har,2
DAX,pinball_0p05,har,3
DIA,pinball_0p05,har,4
ETH-USD,pinball_0p05,har,4
HSI,pinball_0p05,har,2
KOSPI,pinball_0p05,har,3
NDX,pinball_0p05,har,3
NKX,pinball_0p05,har,6
SPY,pinball_0p05,har,4
TWSE,pinball_0p05,har,7
BTC-USD,pinball_0p05,lgbm,9
CAC,pinball_0p05,lgbm,11
DAX,pinball_0p05,lgbm,11
DIA,pinball_0p05,lgbm,12
ETH-USD,pinball_0p05,lgbm,6
HSI,pinball_0p05,lgbm,11
KOSPI,pinball_0p05,lgbm,11
NDX,pinball_0p05,lgbm,11
NKX,pinball_0p05,lgbm,10
SPY,pinball_0p05,lgbm,11
TWSE,pinball_0p05,lgbm,9
BTC-USD,pinball_0p05,moirai,1
CAC,pinball_0p05,moirai,8
DAX,pinball_0p05,moirai,5
DIA,pinball_0p05,moirai,5
ETH-USD,pinball_0p05,moirai,1
HSI,pinball_0p05,moirai,4
KOSPI,pinball_0p05,moirai,4
NDX,pinball_0p05,moirai,4
NKX,pinball_0p05,moirai,7
SPY,pinball_0p05,moirai,5
TWSE,pinball_0p05,moirai,8
BTC-USD,pinball_0p05,naive,12
CAC,pinball_0p05,naive,13
DAX,pinball_0p05,naive,13
DIA,pinball_0p05,naive,13
ETH-USD,pinball_0p05,naive,13
HSI,pinball_0p05,naive,13
KOSPI,pinball_0p05,naive,13
NDX,pinball_0p05,naive,13
NKX,pinball_0p05,naive,13
SPY,pinball_0p05,naive,13
TWSE,pinball_0p05,naive,12
BTC-USD,pinball_0p05,patchtst,13
CAC,pinball_0p05,patchtst,12
DAX,pinball_0p05,patchtst,12
DIA,pinball_0p05,patchtst,11
ETH-USD,pinball_0p05,patchtst,12
HSI,pinball_0p05,patchtst,12
KOSPI,pinball_0p05,patchtst,12
NDX,pinball_0p05,patchtst,12
NKX,pinball_0p05,patchtst,12
SPY,pinball_0p05,patchtst,12
TWSE,pinball_0p05,patchtst,13
BTC-USD,pinball_0p05,timesfm,3
CAC,pinball_0p05,timesfm,6
DAX,pinball_0p05,timesfm,7
DIA,pinball_0p05,timesfm,7
ETH-USD,pinball_0p05,timesfm,3
HSI,pinball_0p05,timesfm,8
KOSPI,pinball_0p05,timesfm,7
NDX,pinball_0p05,timesfm,7
NKX,pinball_0p05,timesfm,9
SPY,pinball_0p05,timesfm,7
TWSE,pinball_0p05,timesfm,10
BTC-USD,pinball_avg,autoarima,5
CAC,pinball_avg,autoarima,6
DAX,pinball_avg,autoarima,6
DIA,pinball_avg,autoarima,3
ETH-USD,pinball_avg,autoarima,4
HSI,pinball_avg,autoarima,1
KOSPI,pinball_avg,autoarima,2
NDX,pinball_avg,autoarima,3
NKX,pinball_avg,autoarima,10
SPY,pinball_avg,autoarima,3
TWSE,pinball_avg,autoarima,8
BTC-USD,pinball_avg,autoets,9
CAC,pinball_avg,autoets,5
DAX,pinball_avg,autoets,2
DIA,pinball_avg,autoets,1
ETH-USD,pinball_avg,autoets,9
HSI,pinball_avg,autoets,2
KOSPI,pinball_avg,autoets,1
NDX,pinball_avg,autoets,1
NKX,pinball_avg,autoets,5
SPY,pinball_avg,autoets,1
TWSE,pinball_avg,autoets,5
BTC-USD,pinball_avg,chronos,3
CAC,pinball_avg,chronos,8
DAX,pinball_avg,chronos,5
DIA,pinball_avg,chronos,7
ETH-USD,pinball_avg,chronos,2
HSI,pinball_avg,chronos,8
KOSPI,pinball_avg,chronos,6
NDX,pinball_avg,chronos,7
NKX,pinball_avg,chronos,8
SPY,pinball_avg,chronos,6
TWSE,pinball_avg,chronos,11
BTC-USD,pinball_avg,ewma,12
CAC,pinball_avg,ewma,9
DAX,pinball_avg,ewma,8
DIA,pinball_avg,ewma,10
ETH-USD,pinball_avg,ewma,11
HSI,pinball_avg,ewma,6
KOSPI,pinball_avg,ewma,9
NDX,pinball_avg,ewma,10
NKX,pinball_avg,ewma,4
SPY,pinball_avg,ewma,10
TWSE,pinball_avg,ewma,3
BTC-USD,pinball_avg,garch11,11
CAC,pinball_avg,garch11,4
DAX,pinball_avg,garch11,10
DIA,pinball_avg,garch11,9
ETH-USD,pinball_avg,garch11,10
HSI,pinball_avg,garch11,10
KOSPI,pinball_avg,garch11,10
NDX,pinball_avg,garch11,9
NKX,pinball_avg,garch11,3
SPY,pinball_avg,garch11,9
TWSE,pinball_avg,garch11,4
BTC-USD,pinball_avg,garch11_t,7
CAC,pinball_avg,garch11_t,3
DAX,pinball_avg,garch11_t,4
DIA,pinball_avg,garch11_t,5
ETH-USD,pinball_avg,garch11_t,7
HSI,pinball_avg,garch11_t,7
KOSPI,pinball_avg,garch11_t,8
NDX,pinball_avg,garch11_t,8
NKX,pinball_avg,garch11_t,2
SPY,pinball_avg,garch11_t,5
TWSE,pinball_avg,garch11_t,2
BTC-USD,pinball_avg,gjr,6
CAC,pinball_avg,gjr,1
DAX,pinball_avg,gjr,1
DIA,pinball_avg,gjr,2
ETH-USD,pinball_avg,gjr,8
HSI,pinball_avg,gjr,4
KOSPI,pinball_avg,gjr,3
NDX,pinball_avg,gjr,4
NKX,pinball_avg,gjr,1
SPY,pinball_avg,gjr,2
TWSE,pinball_avg,gjr,1
BTC-USD,pinball_avg,har,4
CAC,pinball_avg,har,2
DAX,pinball_avg,har,3
DIA,pinball_avg,har,4
ETH-USD,pinball_avg,har,5
HSI,pinball_avg,har,3
KOSPI,pinball_avg,har,5
NDX,pinball_avg,har,2
NKX,pinball_avg,har,6
SPY,pinball_avg,har,4
TWSE,pinball_avg,har,6
BTC-USD,pinball_avg,lgbm,8
CAC,pinball_avg,lgbm,11
DAX,pinball_avg,lgbm,11
DIA,pinball_avg,lgbm,11
ETH-USD,pinball_avg,lgbm,6
HSI,pinball_avg,lgbm,11
KOSPI,pinball_avg,lgbm,11
NDX,pinball_avg,lgbm,11
NKX,pinball_avg,lgbm,11
SPY,pinball_avg,lgbm,11
TWSE,pinball_avg,lgbm,7
BTC-USD,pinball_avg,moirai,1
CAC,pinball_avg,moirai,10
DAX,pinball_avg,moirai,7
DIA,pinball_avg,moirai,8
ETH-USD,pinball_avg,moirai,1
HSI,pinball_avg,moirai,5
KOSPI,pinball_avg,moirai,4
NDX,pinball_avg,moirai,5
NKX,pinball_avg,moirai,7
SPY,pinball_avg,moirai,8
TWSE,pinball_avg,moirai,9
BTC-USD,pinball_avg,naive,10
CAC,pinball_avg,naive,13
DAX,pinball_avg,naive,13
DIA,pinball_avg,naive,13
ETH-USD,pinball_avg,naive,12
HSI,pinball_avg,naive,13
KOSPI,pinball_avg,naive,13
NDX,pinball_avg,naive,13
NKX,pinball_avg,naive,12
SPY,pinball_avg,naive,13
TWSE,pinball_avg,naive,12
BTC-USD,pinball_avg,patchtst,13
CAC,pinball_avg,patchtst,12
DAX,pinball_avg,patchtst,12
DIA,pinball_avg,patchtst,12
ETH-USD,pinball_avg,patchtst,13
HSI,pinball_avg,patchtst,12
KOSPI,pinball_avg,patchtst,12
NDX,pinball_avg,patchtst,12
NKX,pinball_avg,patchtst,13
SPY,pinball_avg,patchtst,12
TWSE,pinball_avg,patchtst,13
BTC-USD,pinball_avg,timesfm,2
CAC,pinball_avg,timesfm,7
DAX,pinball_avg,timesfm,9
DIA,pinball_avg,timesfm,6
ETH-USD,pinball_avg,timesfm,3
HSI,pinball_avg,timesfm,9
KOSPI,pinball_avg,timesfm,7
NDX,pinball_avg,timesfm,6
NKX,pinball_avg,timesfm,9
SPY,pinball_avg,timesfm,7
TWSE,pinball_avg,timesfm,10
BTC-USD,qlike,autoarima,5
CAC,qlike,autoarima,7
DAX,qlike,autoarima,6
DIA,qlike,autoarima,3
ETH-USD,qlike,autoarima,5
HSI,qlike,autoarima,3
KOSPI,qlike,autoarima,4
NDX,qlike,autoarima,7
NKX,qlike,autoarima,7
SPY,qlike,autoarima,3
TWSE,qlike,autoarima,4
BTC-USD,qlike,autoets,6
CAC,qlike,autoets,4
DAX,qlike,autoets,4
DIA,qlike,autoets,2
ETH-USD,qlike,autoets,7
HSI,qlike,autoets,5
KOSPI,qlike,autoets,5
NDX,qlike,autoets,4
NKX,qlike,autoets,6
SPY,qlike,autoets,1
TWSE,qlike,autoets,3
BTC-USD,qlike,chronos,3
CAC,qlike,chronos,5
DAX,qlike,chronos,5
DIA,qlike,chronos,8
ETH-USD,qlike,chronos,3
HSI,qlike,chronos,4
KOSPI,qlike,chronos,6
NDX,qlike,chronos,6
NKX,qlike,chronos,3
SPY,qlike,chronos,6
TWSE,qlike,chronos,5
BTC-USD,qlike,ewma,10
CAC,qlike,ewma,10
DAX,qlike,ewma,8
DIA,qlike,ewma,10
ETH-USD,qlike,ewma,9
HSI,qlike,ewma,6
KOSPI,qlike,ewma,7
NDX,qlike,ewma,10
NKX,qlike,ewma,9
SPY,qlike,ewma,10
TWSE,qlike,ewma,8
BTC-USD,qlike,garch11,8
CAC,qlike,garch11,8
DAX,qlike,garch11,10
DIA,qlike,garch11,9
ETH-USD,qlike,garch11,8
HSI,qlike,garch11,10
KOSPI,qlike,garch11,8
NDX,qlike,garch11,8
NKX,qlike,garch11,8
SPY,qlike,garch11,9
TWSE,qlike,garch11,9
BTC-USD,qlike,garch11_t,11
CAC,qlike,garch11_t,9
DAX,qlike,garch11_t,9
DIA,qlike,garch11_t,7
ETH-USD,qlike,garch11_t,11
HSI,qlike,garch11_t,9
KOSPI,qlike,garch11_t,9
NDX,qlike,garch11_t,9
NKX,qlike,garch11_t,10
SPY,qlike,garch11_t,7
TWSE,qlike,garch11_t,10
BTC-USD,qlike,gjr,9
CAC,qlike,gjr,1
DAX,qlike,gjr,1
DIA,qlike,gjr,1
ETH-USD,qlike,gjr,10
HSI,qlike,gjr,8
KOSPI,qlike,gjr,1
NDX,qlike,gjr,1
NKX,qlike,gjr,5
SPY,qlike,gjr,2
TWSE,qlike,gjr,6
BTC-USD,qlike,har,4
CAC,qlike,har,2
DAX,qlike,har,3
DIA,qlike,har,4
ETH-USD,qlike,har,4
HSI,qlike,har,2
KOSPI,qlike,har,3
NDX,qlike,har,3
NKX,qlike,har,2
SPY,qlike,har,4
TWSE,qlike,har,2
BTC-USD,qlike,lgbm,7
CAC,qlike,lgbm,11
DAX,qlike,lgbm,11
DIA,qlike,lgbm,11
ETH-USD,qlike,lgbm,6
HSI,qlike,lgbm,11
KOSPI,qlike,lgbm,11
NDX,qlike,lgbm,11
NKX,qlike,lgbm,11
SPY,qlike,lgbm,11
TWSE,qlike,lgbm,11
BTC-USD,qlike,moirai,1
CAC,qlike,moirai,3
DAX,qlike,moirai,2
DIA,qlike,moirai,5
ETH-USD,qlike,moirai,1
HSI,qlike,moirai,1
KOSPI,qlike,moirai,2
NDX,qlike,moirai,2
NKX,qlike,moirai,1
SPY,qlike,moirai,5
TWSE,qlike,moirai,1
BTC-USD,qlike,naive,12
CAC,qlike,naive,13
DAX,qlike,naive,13
DIA,qlike,naive,13
ETH-USD,qlike,naive,12
HSI,qlike,naive,13
KOSPI,qlike,naive,13
NDX,qlike,naive,13
NKX,qlike,naive,12
SPY,qlike,naive,13
TWSE,qlike,naive,13
BTC-USD,qlike,patchtst,13
CAC,qlike,patchtst,12
DAX,qlike,patchtst,12
DIA,qlike,patchtst,12
ETH-USD,qlike,patchtst,13
HSI,qlike,patchtst,12
KOSPI,qlike,patchtst,12
NDX,qlike,patchtst,12
NKX,qlike,patchtst,13
SPY,qlike,patchtst,12
TWSE,qlike,patchtst,12
BTC-USD,qlike,timesfm,2
CAC,qlike,timesfm,6
DAX,qlike,timesfm,7
DIA,qlike,timesfm,6
ETH-USD,qlike,timesfm,2
HSI,qlike,timesfm,7
KOSPI,qlike,timesfm,10
NDX,qlike,timesfm,5
NKX,qlike,timesfm,4
SPY,qlike,timesfm,8
TWSE,qlike,timesfm,7
BTC-USD,fz0_0p01,autoarima,7
CAC,fz0_0p01,autoarima,7
DAX,fz0_0p01,autoarima,10
DIA,fz0_0p01,autoarima,3
ETH-USD,fz0_0p01,autoarima,2
HSI,fz0_0p01,autoarima,2
KOSPI,fz0_0p01,autoarima,3
NDX,fz0_0p01,autoarima,5
NKX,fz0_0p01,autoarima,10
SPY,fz0_0p01,autoarima,4
TWSE,fz0_0p01,autoarima,8
BTC-USD,fz0_0p01,autoets,10
CAC,fz0_0p01,autoets,5
DAX,fz0_0p01,autoets,7
DIA,fz0_0p01,autoets,2
ETH-USD,fz0_0p01,autoets,10
HSI,fz0_0p01,autoets,3
KOSPI,fz0_0p01,autoets,2
NDX,fz0_0p01,autoets,3
NKX,fz0_0p01,autoets,6
SPY,fz0_0p01,autoets,3
TWSE,fz0_0p01,autoets,6
BTC-USD,fz0_0p01,chronos,9
CAC,fz0_0p01,chronos,8
DAX,fz0_0p01,chronos,4
DIA,fz0_0p01,chronos,7
ETH-USD,fz0_0p01,chronos,7
HSI,fz0_0p01,chronos,8
KOSPI,fz0_0p01,chronos,10
NDX,fz0_0p01,chronos,6
NKX,fz0_0p01,chronos,7
SPY,fz0_0p01,chronos,6
TWSE,fz0_0p01,chronos,12
BTC-USD,fz0_0p01,ewma,12
CAC,fz0_0p01,ewma,10
DAX,fz0_0p01,ewma,8
DIA,fz0_0p01,ewma,11
ETH-USD,fz0_0p01,ewma,12
HSI,fz0_0p01,ewma,5
KOSPI,fz0_0p01,ewma,8
NDX,fz0_0p01,ewma,10
NKX,fz0_0p01,ewma,4
SPY,fz0_0p01,ewma,11
TWSE,fz0_0p01,ewma,4
BTC-USD,fz0_0p01,garch11,8
CAC,fz0_0p01,garch11,3
DAX,fz0_0p01,garch11,9
DIA,fz0_0p01,garch11,8
ETH-USD,fz0_0p01,garch11,9
HSI,fz0_0p01,garch11,11
KOSPI,fz0_0p01,garch11,7
NDX,fz0_0p01,garch11,9
NKX,fz0_0p01,garch11,3
SPY,fz0_0p01,garch11,9
TWSE,fz0_0p01,garch11,3
BTC-USD,fz0_0p01,garch11_t,2
CAC,fz0_0p01,garch11_t,1
DAX,fz0_0p01,garch11_t,1
DIA,fz0_0p01,garch11_t,1
ETH-USD,fz0_0p01,garch11_t,1
HSI,fz0_0p01,garch11_t,1
KOSPI,fz0_0p01,garch11_t,1
NDX,fz0_0p01,garch11_t,1
NKX,fz0_0p01,garch11_t,2
SPY,fz0_0p01,garch11_t,1
TWSE,fz0_0p01,garch11_t,1
BTC-USD,fz0_0p01,gjr,3
CAC,fz0_0p01,gjr,2
DAX,fz0_0p01,gjr,2
DIA,fz0_0p01,gjr,5
ETH-USD,fz0_0p01,gjr,6
HSI,fz0_0p01,gjr,6
KOSPI,fz0_0p01,gjr,4
NDX,fz0_0p01,gjr,7
NKX,fz0_0p01,gjr,1
SPY,fz0_0p01,gjr,7
TWSE,fz0_0p01,gjr,2
BTC-USD,fz0_0p01,har,5
CAC,fz0_0p01,har,4
DAX,fz0_0p01,har,5
DIA,fz0_0p01,har,4
ETH-USD,fz0_0p01,har,3
HSI,fz0_0p01,har,4
KOSPI,fz0_0p01,har,6
NDX,fz0_0p01,har,2
NKX,fz0_0p01,har,8
SPY,fz0_0p01,har,2
TWSE,fz0_0p01,har,5
BTC-USD,fz0_0p01,lgbm,11
CAC,fz0_0p01,lgbm,11
DAX,fz0_0p01,lgbm,11
DIA,fz0_0p01,lgbm,10
ETH-USD,fz0_0p01,lgbm,8
HSI,fz0_0p01,lgbm,9
KOSPI,fz0_0p01,lgbm,11
NDX,fz0_0p01,lgbm,11
NKX,fz0_0p01,lgbm,12
SPY,fz0_0p01,lgbm,10
TWSE,fz0_0p01,lgbm,7
BTC-USD,fz0_0p01,moirai,1
CAC,fz0_0p01,moirai,9
DAX,fz0_0p01,moirai,6
DIA,fz0_0p01,moirai,9
ETH-USD,fz0_0p01,moirai,4
HSI,fz0_0p01,moirai,7
KOSPI,fz0_0p01,moirai,5
NDX,fz0_0p01,moirai,8
NKX,fz0_0p01,moirai,5
SPY,fz0_0p01,moirai,8
TWSE,fz0_0p01,moirai,11
BTC-USD,fz0_0p01,naive,6
CAC,fz0_0p01,naive,12
DAX,fz0_0p01,naive,12
DIA,fz0_0p01,naive,13
ETH-USD,fz0_0p01,naive,11
HSI,fz0_0p01,naive,13
KOSPI,fz0_0p01,naive,13
NDX,fz0_0p01,naive,12
NKX,fz0_0p01,naive,11
SPY,fz0_0p01,naive,13
TWSE,fz0_0p01,naive,9
BTC-USD,fz0_0p01,patchtst,13
CAC,fz0_0p01,patchtst,13
DAX,fz0_0p01,patchtst,13
DIA,fz0_0p01,patchtst,12
ETH-USD,fz0_0p01,patchtst,13
HSI,fz0_0p01,patchtst,12
KOSPI,fz0_0p01,patchtst,12
NDX,fz0_0p01,patchtst,13
NKX,fz0_0p01,patchtst,13
SPY,fz0_0p01,patchtst,12
TWSE,fz0_0p01,patchtst,13
BTC-USD,fz0_0p01,timesfm,4
CAC,fz0_0p01,timesfm,6
DAX,fz0_0p01,timesfm,3
DIA,fz0_0p01,timesfm,6
ETH-USD,fz0_0p01,timesfm,5
HSI,fz0_0p01,timesfm,10
KOSPI,fz0_0p01,timesfm,9
NDX,fz0_0p01,timesfm,4
NKX,fz0_0p01,timesfm,9
SPY,fz0_0p01,timesfm,5
TWSE,fz0_0p01,timesfm,10
BTC-USD,fz0_0p025,autoarima,5
CAC,fz0_0p025,autoarima,7
DAX,fz0_0p025,autoarima,9
DIA,fz0_0p025,autoarima,2
ETH-USD,fz0_0p025,autoarima,5
HSI,fz0_0p025,autoarima,1
KOSPI,fz0_0p025,autoarima,2
NDX,fz0_0p025,autoarima,3
NKX,fz0_0p025,autoarima,10
SPY,fz0_0p025,autoarima,3
TWSE,fz0_0p025,autoarima,8
BTC-USD,fz0_0p025,autoets,7
CAC,fz0_0p025,autoets,5
DAX,fz0_0p025,autoets,7
DIA,fz0_0p025,autoets,1
ETH-USD,fz0_0p025,autoets,10
HSI,fz0_0p025,autoets,2
KOSPI,fz0_0p025,autoets,1
NDX,fz0_0p025,autoets,1
NKX,fz0_0p025,autoets,6
SPY,fz0_0p025,autoets,1
TWSE,fz0_0p025,autoets,6
BTC-USD,fz0_0p025,chronos,3
CAC,fz0_0p025,chronos,8
DAX,fz0_0p025,chronos,3
DIA,fz0_0p025,chronos,7
ETH-USD,fz0_0p025,chronos,3
HSI,fz0_0p025,chronos,7
KOSPI,fz0_0p025,chronos,8
NDX,fz0_0p025,chronos,8
NKX,fz0_0p025,chronos,8
SPY,fz0_0p025,chronos,5
TWSE,fz0_0p025,chronos,12
BTC-USD,fz0_0p025,ewma,12
CAC,fz0_0p025,ewma,10
DAX,fz0_0p025,ewma,10
DIA,fz0_0p025,ewma,10
ETH-USD,fz0_0p025,ewma,11
HSI,fz0_0p025,ewma,4
KOSPI,fz0_0p025,ewma,10
NDX,fz0_0p025,ewma,10
NKX,fz0_0p025,ewma,4
SPY,fz0_0p025,ewma,11
TWSE,fz0_0p025,ewma,4
BTC-USD,fz0_0p025,garch11,10
CAC,fz0_0p025,garch11,3
DAX,fz0_0p025,garch11,8
DIA,fz0_0p025,garch11,9
ETH-USD,fz0_0p025,garch11,9
HSI,fz0_0p025,garch11,11
KOSPI,fz0_0p025,garch11,9
NDX,fz0_0p025,garch11,9
NKX,fz0_0p025,garch11,3
SPY,fz0_0p025,garch11,9
TWSE,fz0_0p025,garch11,3
BTC-USD,fz0_0p025,garch11_t,8
CAC,fz0_0p025,garch11_t,2
DAX,fz0_0p025,garch11_t,2
DIA,fz0_0p025,garch11_t,5
ETH-USD,fz0_0p025,garch11_t,4
HSI,fz0_0p025,garch11_t,6
KOSPI,fz0_0p025,garch11_t,4
NDX,fz0_0p025,garch11_t,7
NKX,fz0_0p025,garch11_t,2
SPY,fz0_0p025,garch11_t,4
TWSE,fz0_0p025,garch11_t,2
BTC-USD,fz0_0p025,gjr,6
CAC,fz0_0p025,gjr,1
DAX,fz0_0p025,gjr,1
DIA,fz0_0p025,gjr,3
ETH-USD,fz0_0p025,gjr,8
HSI,fz0_0p025,gjr,8
KOSPI,fz0_0p025,gjr,3
NDX,fz0_0p025,gjr,6
NKX,fz0_0p025,gjr,1
SPY,fz0_0p025,gjr,6
TWSE,fz0_0p025,gjr,1
BTC-USD,fz0_0p025,har,4
CAC,fz0_0p025,har,4
DAX,fz0_0p025,har,5
DIA,fz0_0p025,har,4
ETH-USD,fz0_0p025,har,6
HSI,fz0_0p025,har,3
KOSPI,fz0_0p025,har,6
NDX,fz0_0p025,har,2
NKX,fz0_0p025,har,7
SPY,fz0_0p025,har,2
TWSE,fz0_0p025,har,5
BTC-USD,fz0_0p025,lgbm,11
CAC,fz0_0p025,lgbm,11
DAX,fz0_0p025,lgbm,11
DIA,fz0_0p025,lgbm,11
ETH-USD,fz0_0p025,lgbm,7
HSI,fz0_0p025,lgbm,9
KOSPI,fz0_0p025,lgbm,11
NDX,fz0_0p025,lgbm,11
NKX,fz0_0p025,lgbm,11
SPY,fz0_0p025,lgbm,10
TWSE,fz0_0p025,lgbm,7
BTC-USD,fz0_0p025,moirai,1
CAC,fz0_0p025,moirai,9
DAX,fz0_0p025,moirai,4
DIA,fz0_0p025,moirai,8
ETH-USD,fz0_0p025,moirai,1
HSI,fz0_0p025,moirai,5
KOSPI,fz0_0p025,moirai,5
NDX,fz0_0p025,moirai,5
NKX,fz0_0p025,moirai,5
SPY,fz0_0p025,moirai,8
TWSE,fz0_0p025,moirai,10
BTC-USD,fz0_0p025,naive,9
CAC,fz0_0p025,naive,12
DAX,fz0_0p025,naive,12
DIA,fz0_0p025,naive,13
ETH-USD,fz0_0p025,naive,12
HSI,fz0_0p025,naive,13
KOSPI,fz0_0p025,naive,13
NDX,fz0_0p025,naive,12
NKX,fz0_0p025,naive,12
SPY,fz0_0p025,naive,13
TWSE,fz0_0p025,naive,11
BTC-USD,fz0_0p025,patchtst,13
CAC,fz0_0p025,patchtst,13
DAX,fz0_0p025,patchtst,13
DIA,fz0_0p025,patchtst,12
ETH-USD,fz0_0p025,patchtst,13
HSI,fz0_0p025,patchtst,12
KOSPI,fz0_0p025,patchtst,12
NDX,fz0_0p025,patchtst,13
NKX,fz0_0p025,patchtst,13
SPY,fz0_0p025,patchtst,12
TWSE,fz0_0p025,patchtst,13
BTC-USD,fz0_0p025,timesfm,2
CAC,fz0_0p025,timesfm,6
DAX,fz0_0p025,timesfm,6
DIA,fz0_0p025,timesfm,6
ETH-USD,fz0_0p025,timesfm,2
HSI,fz0_0p025,timesfm,10
KOSPI,fz0_0p025,timesfm,7
NDX,fz0_0p025,timesfm,4
NKX,fz0_0p025,timesfm,9
SPY,fz0_0p025,timesfm,7
TWSE,fz0_0p025,timesfm,9
BTC-USD,fz0_0p05,autoarima,4
CAC,fz0_0p05,autoarima,8
DAX,fz0_0p05,autoarima,7
DIA,fz0_0p05,autoarima,2
ETH-USD,fz0_0p05,autoarima,4
HSI,fz0_0p05,autoarima,2
KOSPI,fz0_0p05,autoarima,2
NDX,fz0_0p05,autoarima,3
NKX,fz0_0p05,autoarima,10
SPY,fz0_0p05,autoarima,2
TWSE,fz0_0p05,autoarima,7
BTC-USD,fz0_0p05,autoets,8
CAC,fz0_0p05,autoets,5
DAX,fz0_0p05,autoets,5
DIA,fz0_0p05,autoets,1
ETH-USD,fz0_0p05,autoets,8
HSI,fz0_0p05,autoets,3
KOSPI,fz0_0p05,autoets,1
NDX,fz0_0p05,autoets,1
NKX,fz0_0p05,autoets,6
SPY,fz0_0p05,autoets,1
TWSE,fz0_0p05,autoets,5
BTC-USD,fz0_0p05,chronos,3
CAC,fz0_0p05,chronos,9
DAX,fz0_0p05,chronos,4
DIA,fz0_0p05,chronos,6
ETH-USD,fz0_0p05,chronos,3
HSI,fz0_0p05,chronos,7
KOSPI,fz0_0p05,chronos,7
NDX,fz0_0p05,chronos,6
NKX,fz0_0p05,chronos,8
SPY,fz0_0p05,chronos,5
TWSE,fz0_0p05,chronos,11
BTC-USD,fz0_0p05,ewma,12
CAC,fz0_0p05,ewma,10
DAX,fz0_0p05,ewma,9
DIA,fz0_0p05,ewma,10
ETH-USD,fz0_0p05,ewma,11
HSI,fz0_0p05,ewma,4
KOSPI,fz0_0p05,ewma,10
NDX,fz0_0p05,ewma,10
NKX,fz0_0p05,ewma,2
SPY,fz0_0p05,ewma,10
TWSE,fz0_0p05,ewma,3
BTC-USD,fz0_0p05,garch11,10
CAC,fz0_0p05,garch11,4
DAX,fz0_0p05,garch11,10
DIA,fz0_0p05,garch11,9
ETH-USD,fz0_0p05,garch11,10
HSI,fz0_0p05,garch11,10
KOSPI,fz0_0p05,garch11,9
NDX,fz0_0p05,garch11,9
NKX,fz0_0p05,garch11,3
SPY,fz0_0p05,garch11,9
TWSE,fz0_0p05,garch11,4
BTC-USD,fz0_0p05,garch11_t,7
CAC,fz0_0p05,garch11_t,3
DAX,fz0_0p05,garch11_t,8
DIA,fz0_0p05,garch11_t,8
ETH-USD,fz0_0p05,garch11_t,7
HSI,fz0_0p05,garch11_t,9
KOSPI,fz0_0p05,garch11_t,8
NDX,fz0_0p05,garch11_t,8
NKX,fz0_0p05,garch11_t,4
SPY,fz0_0p05,garch11_t,8
TWSE,fz0_0p05,garch11_t,2
BTC-USD,fz0_0p05,gjr,6
CAC,fz0_0p05,gjr,1
DAX,fz0_0p05,gjr,1
DIA,fz0_0p05,gjr,3
ETH-USD,fz0_0p05,gjr,9
HSI,fz0_0p05,gjr,6
KOSPI,fz0_0p05,gjr,3
NDX,fz0_0p05,gjr,7
NKX,fz0_0p05,gjr,1
SPY,fz0_0p05,gjr,6
TWSE,fz0_0p05,gjr,1
BTC-USD,fz0_0p05,har,5
CAC,fz0_0p05,har,2
DAX,fz0_0p05,har,3
DIA,fz0_0p05,har,4
ETH-USD,fz0_0p05,har,5
HSI,fz0_0p05,har,1
KOSPI,fz0_0p05,har,5
NDX,fz0_0p05,har,2
NKX,fz0_0p05,har,7
SPY,fz0_0p05,har,3
TWSE,fz0_0p05,har,6
BTC-USD,fz0_0p05,lgbm,9
CAC,fz0_0p05,lgbm,11
DAX,fz0_0p05,lgbm,11
DIA,fz0_0p05,lgbm,11
ETH-USD,fz0_0p05,lgbm,6
HSI,fz0_0p05,lgbm,11
KOSPI,fz0_0p05,lgbm,11
NDX,fz0_0p05,lgbm,11
NKX,fz0_0p05,lgbm,11
SPY,fz0_0p05,lgbm,11
TWSE,fz0_0p05,lgbm,8
BTC-USD,fz0_0p05,moirai,1
CAC,fz0_0p05,moirai,7
DAX,fz0_0p05,moirai,2
DIA,fz0_0p05,moirai,5
ETH-USD,fz0_0p05,moirai,1
HSI,fz0_0p05,moirai,5
KOSPI,fz0_0p05,moirai,4
NDX,fz0_0p05,moirai,4
NKX,fz0_0p05,moirai,5
SPY,fz0_0p05,moirai,4
TWSE,fz0_0p05,moirai,9
BTC-USD,fz0_0p05,naive,11
CAC,fz0_0p05,naive,12
DAX,fz0_0p05,naive,12
DIA,fz0_0p05,naive,13
ETH-USD,fz0_0p05,naive,12
HSI,fz0_0p05,naive,13
KOSPI,fz0_0p05,naive,13
NDX,fz0_0p05,naive,13
NKX,fz0_0p05,naive,12
SPY,fz0_0p05,naive,13
TWSE,fz0_0p05,naive,12
BTC-USD,fz0_0p05,patchtst,13
CAC,fz0_0p05,patchtst,13
DAX,fz0_0p05,patchtst,13
DIA,fz0_0p05,patchtst,12
ETH-USD,fz0_0p05,patchtst,13
HSI,fz0_0p05,patchtst,12
KOSPI,fz0_0p05,patchtst,12
NDX,fz0_0p05,patchtst,12
NKX,fz0_0p05,patchtst,13
SPY,fz0_0p05,patchtst,12
TWSE,fz0_0p05,patchtst,13
BTC-USD,fz0_0p05,timesfm,2
CAC,fz0_0p05,timesfm,6
DAX,fz0_0p05,timesfm,6
DIA,fz0_0p05,timesfm,7
ETH-USD,fz0_0p05,timesfm,2
HSI,fz0_0p05,timesfm,8
KOSPI,fz0_0p05,timesfm,6
NDX,fz0_0p05,timesfm,5
NKX,fz0_0p05,timesfm,9
SPY,fz0_0p05,timesfm,7
TWSE,fz0_0p05,timesfm,10
BTC-USD,fz0_avg,autoarima,7
CAC,fz0_avg,autoarima,7
DAX,fz0_avg,autoarima,9
DIA,fz0_avg,autoarima,2
ETH-USD,fz0_avg,autoarima,5
HSI,fz0_avg,autoarima,1
KOSPI,fz0_avg,autoarima,2
NDX,fz0_avg,autoarima,4
NKX,fz0_avg,autoarima,10
SPY,fz0_avg,autoarima,4
TWSE,fz0_avg,autoarima,8
BTC-USD,fz0_avg,autoets,10
CAC,fz0_avg,autoets,5
DAX,fz0_avg,autoets,7
DIA,fz0_avg,autoets,1
ETH-USD,fz0_avg,autoets,10
HSI,fz0_avg,autoets,3
KOSPI,fz0_avg,autoets,1
NDX,fz0_avg,autoets,1
NKX,fz0_avg,autoets,6
SPY,fz0_avg,autoets,1
TWSE,fz0_avg,autoets,6
BTC-USD,fz0_avg,chronos,3
CAC,fz0_avg,chronos,8
DAX,fz0_avg,chronos,3
DIA,fz0_avg,chronos,7
ETH-USD,fz0_avg,chronos,4
HSI,fz0_avg,chronos,8
KOSPI,fz0_avg,chronos,8
NDX,fz0_avg,chronos,6
NKX,fz0_avg,chronos,8
SPY,fz0_avg,chronos,5
TWSE,fz0_avg,chronos,12
BTC-USD,fz0_avg,ewma,12
CAC,fz0_avg,ewma,10
DAX,fz0_avg,ewma,8
DIA,fz0_avg,ewma,10
ETH-USD,fz0_avg,ewma,12
HSI,fz0_avg,ewma,4
KOSPI,fz0_avg,ewma,10
NDX,fz0_avg,ewma,10
NKX,fz0_avg,ewma,4
SPY,fz0_avg,ewma,11
TWSE,fz0_avg,ewma,4
BTC-USD,fz0_avg,garch11,9
CAC,fz0_avg,garch11,3
DAX,fz0_avg,garch11,10
DIA,fz0_avg,garch11,9
ETH-USD,fz0_avg,garch11,9
HSI,fz0_avg,garch11,11
KOSPI,fz0_avg,garch11,9
NDX,fz0_avg,garch11,9
NKX,fz0_avg,garch11,3
SPY,fz0_avg,garch11,9
TWSE,fz0_avg,garch11,3
BTC-USD,fz0_avg,garch11_t,6
CAC,fz0_avg,garch11_t,1
DAX,fz0_avg,garch11_t,1
DIA,fz0_avg,garch11_t,3
ETH-USD,fz0_avg,garch11_t,1
HSI,fz0_avg,garch11_t,5
KOSPI,fz0_avg,garch11_t,3
NDX,fz0_avg,garch11_t,3
NKX,fz0_avg,garch11_t,2
SPY,fz0_avg,garch11_t,3
TWSE,fz0_avg,garch11_t,1
BTC-USD,fz0_avg,gjr,4
CAC,fz0_avg,gjr,2
DAX,fz0_avg,gjr,2
DIA,fz0_avg,gjr,5
ETH-USD,fz0_avg,gjr,8
HSI,fz0_avg,gjr,7
KOSPI,fz0_avg,gjr,4
NDX,fz0_avg,gjr,7
NKX,fz0_avg,gjr,1
SPY,fz0_avg,gjr,6
TWSE,fz0_avg,gjr,2
BTC-USD,fz0_avg,har,5
CAC,fz0_avg,har,4
DAX,fz0_avg,har,4
DIA,fz0_avg,har,4
ETH-USD,fz0_avg,har,6
HSI,fz0_avg,har,2
KOSPI,fz0_avg,har,6
NDX,fz0_avg,har,2
NKX,fz0_avg,har,7
SPY,fz0_avg,har,2
TWSE,fz0_avg,har,5
BTC-USD,fz0_avg,lgbm,11
CAC,fz0_avg,lgbm,11
DAX,fz0_avg,lgbm,11
DIA,fz0_avg,lgbm,11
ETH-USD,fz0_avg,lgbm,7
HSI,fz0_avg,lgbm,10
KOSPI,fz0_avg,lgbm,11
NDX,fz0_avg,lgbm,11
NKX,fz0_avg,lgbm,11
SPY,fz0_avg,lgbm,10
TWSE,fz0_avg,lgbm,7
BTC-USD,fz0_avg,moirai,1
CAC,fz0_avg,moirai,9
DAX,fz0_avg,moirai,6
DIA,fz0_avg,moirai,8
ETH-USD,fz0_avg,moirai,2
HSI,fz0_avg,moirai,6
KOSPI,fz0_avg,moirai,5
NDX,fz0_avg,moirai,8
NKX,fz0_avg,moirai,5
SPY,fz0_avg,moirai,8
TWSE,fz0_avg,moirai,11
BTC-USD,fz0_avg,naive,8
CAC,fz0_avg,naive,12
DAX,fz0_avg,naive,12
DIA,fz0_avg,naive,13
ETH-USD,fz0_avg,naive,11
HSI,fz0_avg,naive,13
KOSPI,fz0_avg,naive,13
NDX,fz0_avg,naive,12
NKX,fz0_avg,naive,12
SPY,fz0_avg,naive,13
TWSE,fz0_avg,naive,9
BTC-USD,fz0_avg,patchtst,13
CAC,fz0_avg,patchtst,13
DAX,fz0_avg,patchtst,13
DIA,fz0_avg,patchtst,12
ETH-USD,fz0_avg,patchtst,13
HSI,fz0_avg,patchtst,12
KOSPI,fz0_avg,patchtst,12
NDX,fz0_avg,patchtst,13
NKX,fz0_avg,patchtst,13
SPY,fz0_avg,patchtst,12
TWSE,fz0_avg,patchtst,13
BTC-USD,fz0_avg,timesfm,2
CAC,fz0_avg,timesfm,6
DAX,fz0_avg,timesfm,5
DIA,fz0_avg,timesfm,6
ETH-USD,fz0_avg,timesfm,3
HSI,fz0_avg,timesfm,9
KOSPI,fz0_avg,timesfm,7
NDX,fz0_avg,timesfm,5
NKX,fz0_avg,timesfm,9
SPY,fz0_avg,timesfm,7
TWSE,fz0_avg,timesfm,10
BTC-USD,qlike_ex_near_zero,autoarima,5
CAC,qlike_ex_near_zero,autoarima,7
DAX,qlike_ex_near_zero,autoarima,6
DIA,qlike_ex_near_zero,autoarima,3
ETH-USD,qlike_ex_near_zero,autoarima,5
HSI,qlike_ex_near_zero,autoarima,3
KOSPI,qlike_ex_near_zero,autoarima,4
NDX,qlike_ex_near_zero,autoarima,7
NKX,qlike_ex_near_zero,autoarima,7
SPY,qlike_ex_near_zero,autoarima,3
TWSE,qlike_ex_near_zero,autoarima,4
BTC-USD,qlike_ex_near_zero,autoets,6
CAC,qlike_ex_near_zero,autoets,4
DAX,qlike_ex_near_zero,autoets,4
DIA,qlike_ex_near_zero,autoets,2
ETH-USD,qlike_ex_near_zero,autoets,7
HSI,qlike_ex_near_zero,autoets,5
KOSPI,qlike_ex_near_zero,autoets,5
NDX,qlike_ex_near_zero,autoets,4
NKX,qlike_ex_near_zero,autoets,6
SPY,qlike_ex_near_zero,autoets,1
TWSE,qlike_ex_near_zero,autoets,3
BTC-USD,qlike_ex_near_zero,chronos,3
CAC,qlike_ex_near_zero,chronos,5
DAX,qlike_ex_near_zero,chronos,5
DIA,qlike_ex_near_zero,chronos,8
ETH-USD,qlike_ex_near_zero,chronos,3
HSI,qlike_ex_near_zero,chronos,4
KOSPI,qlike_ex_near_zero,chronos,6
NDX,qlike_ex_near_zero,chronos,6
NKX,qlike_ex_near_zero,chronos,3
SPY,qlike_ex_near_zero,chronos,6
TWSE,qlike_ex_near_zero,chronos,5
BTC-USD,qlike_ex_near_zero,ewma,10
CAC,qlike_ex_near_zero,ewma,10
DAX,qlike_ex_near_zero,ewma,8
DIA,qlike_ex_near_zero,ewma,10
ETH-USD,qlike_ex_near_zero,ewma,9
HSI,qlike_ex_near_zero,ewma,6
KOSPI,qlike_ex_near_zero,ewma,7
NDX,qlike_ex_near_zero,ewma,10
NKX,qlike_ex_near_zero,ewma,9
SPY,qlike_ex_near_zero,ewma,10
TWSE,qlike_ex_near_zero,ewma,8
BTC-USD,qlike_ex_near_zero,garch11,8
CAC,qlike_ex_near_zero,garch11,8
DAX,qlike_ex_near_zero,garch11,10
DIA,qlike_ex_near_zero,garch11,9
ETH-USD,qlike_ex_near_zero,garch11,8
HSI,qlike_ex_near_zero,garch11,10
KOSPI,qlike_ex_near_zero,garch11,8
NDX,qlike_ex_near_zero,garch11,8
NKX,qlike_ex_near_zero,garch11,8
SPY,qlike_ex_near_zero,garch11,9
TWSE,qlike_ex_near_zero,garch11,9
BTC-USD,qlike_ex_near_zero,garch11_t,11
CAC,qlike_ex_near_zero,garch11_t,9
DAX,qlike_ex_near_zero,garch11_t,9
DIA,qlike_ex_near_zero,garch11_t,7
ETH-USD,qlike_ex_near_zero,garch11_t,11
HSI,qlike_ex_near_zero,garch11_t,9
KOSPI,qlike_ex_near_zero,garch11_t,9
NDX,qlike_ex_near_zero,garch11_t,9
NKX,qlike_ex_near_zero,garch11_t,10
SPY,qlike_ex_near_zero,garch11_t,7
TWSE,qlike_ex_near_zero,garch11_t,10
BTC-USD,qlike_ex_near_zero,gjr,9
CAC,qlike_ex_near_zero,gjr,1
DAX,qlike_ex_near_zero,gjr,1
DIA,qlike_ex_near_zero,gjr,1
ETH-USD,qlike_ex_near_zero,gjr,10
HSI,qlike_ex_near_zero,gjr,8
KOSPI,qlike_ex_near_zero,gjr,1
NDX,qlike_ex_near_zero,gjr,1
NKX,qlike_ex_near_zero,gjr,5
SPY,qlike_ex_near_zero,gjr,2
TWSE,qlike_ex_near_zero,gjr,6
BTC-USD,qlike_ex_near_zero,har,4
CAC,qlike_ex_near_zero,har,2
DAX,qlike_ex_near_zero,har,3
DIA,qlike_ex_near_zero,har,4
ETH-USD,qlike_ex_near_zero,har,4
HSI,qlike_ex_near_zero,har,2
KOSPI,qlike_ex_near_zero,har,3
NDX,qlike_ex_near_zero,har,3
NKX,qlike_ex_near_zero,har,2
SPY,qlike_ex_near_zero,har,4
TWSE,qlike_ex_near_zero,har,2
BTC-USD,qlike_ex_near_zero,lgbm,7
CAC,qlike_ex_near_zero,lgbm,11
DAX,qlike_ex_near_zero,lgbm,11
DIA,qlike_ex_near_zero,lgbm,11
ETH-USD,qlike_ex_near_zero,lgbm,6
HSI,qlike_ex_near_zero,lgbm,11
KOSPI,qlike_ex_near_zero,lgbm,11
NDX,qlike_ex_near_zero,lgbm,11
NKX,qlike_ex_near_zero,lgbm,11
SPY,qlike_ex_near_zero,lgbm,11
TWSE,qlike_ex_near_zero,lgbm,11
BTC-USD,qlike_ex_near_zero,moirai,1
CAC,qlike_ex_near_zero,moirai,3
DAX,qlike_ex_near_zero,moirai,2
DIA,qlike_ex_near_zero,moirai,5
ETH-USD,qlike_ex_near_zero,moirai,1
HSI,qlike_ex_near_zero,moirai,1
KOSPI,qlike_ex_near_zero,moirai,2
NDX,qlike_ex_near_zero,moirai,2
NKX,qlike_ex_near_zero,moirai,1
SPY,qlike_ex_near_zero,moirai,5
TWSE,qlike_ex_near_zero,moirai,1
BTC-USD,qlike_ex_near_zero,naive,12
CAC,qlike_ex_near_zero,naive,13
DAX,qlike_ex_near_zero,naive,13
DIA,qlike_ex_near_zero,naive,13
ETH-USD,qlike_ex_near_zero,naive,12
HSI,qlike_ex_near_zero,naive,13
KOSPI,qlike_ex_near_zero,naive,13
NDX,qlike_ex_near_zero,naive,13
NKX,qlike_ex_near_zero,naive,12
SPY,qlike_ex_near_zero,naive,13
TWSE,qlike_ex_near_zero,naive,13
BTC-USD,qlike_ex_near_zero,patchtst,13
CAC,qlike_ex_near_zero,patchtst,12
DAX,qlike_ex_near_zero,patchtst,12
DIA,qlike_ex_near_zero,patchtst,12
ETH-USD,qlike_ex_near_zero,patchtst,13
HSI,qlike_ex_near_zero,patchtst,12
KOSPI,qlike_ex_near_zero,patchtst,12
NDX,qlike_ex_near_zero,patchtst,12
NKX,qlike_ex_near_zero,patchtst,13
SPY,qlike_ex_near_zero,patchtst,12
TWSE,qlike_ex_near_zero,patchtst,12
BTC-USD,qlike_ex_near_zero,timesfm,2
CAC,qlike_ex_near_zero,timesfm,6
DAX,qlike_ex_near_zero,timesfm,7
DIA,qlike_ex_near_zero,timesfm,6
ETH-USD,qlike_ex_near_zero,timesfm,2
HSI,qlike_ex_near_zero,timesfm,7
KOSPI,qlike_ex_near_zero,timesfm,10
NDX,qlike_ex_near_zero,timesfm,5
NKX,qlike_ex_near_zero,timesfm,4
SPY,qlike_ex_near_zero,timesfm,8
TWSE,qlike_ex_near_zero,timesfm,7
