asset,loss,rung,pairs,significant_5pct,expected_by_chance,rho_capped,variance_nonpositive,nonfinite_statistic,p_exactly_0_or_1,bandwidth_min,bandwidth_median,bandwidth_max,rho1_min,rho1_median,rho1_max,n_eff_min,n_eff_median,n_eff_max,n_min,n_median,n_max
BTC-USD,crps,auto,78,65,3.9000000000000004,0,0,0,0,0.011837438260369785,0.4502514330045535,1.5136793061651939,-0.10906337340510147,0.058605269315865231,0.1857031142239047,1916.7551986136655,2481.9767490301565,3474.3165594213342,2791,2791,2791
BTC-USD,crps,fixed,78,64,3.9000000000000004,0,0,0,0,9,9,9,-0.10906337340510147,0.058605269315865231,0.1857031142239047,1916.7551986136655,2481.9767490301565,3474.3165594213342,2791,2791,2791
BTC-USD,crps,twice_auto,78,65,3.9000000000000004,0,0,0,0,0.02367487652073957,0.90050286600910701,3.0273586123303877,-0.10906337340510147,0.058605269315865231,0.1857031142239047,1916.7551986136655,2481.9767490301565,3474.3165594213342,2791,2791,2791
BTC-USD,fz0_0p01,auto,78,23,3.9000000000000004,0,0,0,0,0.001144709378209479,0.056493453523658976,0.36745042063028605,-0.055522293038143752,-0.0018447979692309095,0.11644667448592819,2208.7909685836553,2801.3176991667415,3119.1447909828062,2791,2791,2791
BTC-USD,fz0_0p01,fixed,78,22,3.9000000000000004,0,0,0,0,9,9,9,-0.055522293038143752,-0.0018447979692309095,0.11644667448592819,2208.7909685836553,2801.3176991667415,3119.1447909828062,2791,2791,2791
BTC-USD,fz0_0p01,twice_auto,78,23,3.9000000000000004,0,0,0,0,0.0022894187564189579,0.11298690704731795,0.73490084126057209,-0.055522293038143752,-0.0018447979692309095,0.11644667448592819,2208.7909685836553,2801.3176991667415,3119.1447909828062,2791,2791,2791
BTC-USD,fz0_0p025,auto,78,28,3.9000000000000004,0,0,0,0,0.00056042014117508177,0.056760369646226924,0.3447706149667788,-0.048184443346618068,-0.0017532625850775602,0.096448792471165209,2299.9810274124566,2800.8082250609646,3073.5815998495705,2791,2791,2791
BTC-USD,fz0_0p025,fixed,78,28,3.9000000000000004,0,0,0,0,9,9,9,-0.048184443346618068,-0.0017532625850775602,0.096448792471165209,2299.9810274124566,2800.8082250609646,3073.5815998495705,2791,2791,2791
BTC-USD,fz0_0p025,twice_auto,78,28,3.9000000000000004,0,0,0,0,0.0011208402823501635,0.11352073929245385,0.6895412299335576,-0.048184443346618068,-0.0017532625850775602,0.096448792471165209,2299.9810274124566,2800.8082250609646,3073.5815998495705,2791,2791,2791
BTC-USD,fz0_0p05,auto,78,45,3.9000000000000004,0,0,0,0,0.0027264109305168184,0.07423391752711532,0.40898122687077482,-0.039179240153969473,-0.0013550640689375839,0.079929436793200193,2377.8562324733798,2798.5742324497269,3018.6163543494872,2791,2791,2791
BTC-USD,fz0_0p05,fixed,78,46,3.9000000000000004,0,0,0,0,9,9,9,-0.039179240153969473,-0.0013550640689375839,0.079929436793200193,2377.8562324733798,2798.5742324497269,3018.6163543494872,2791,2791,2791
BTC-USD,fz0_0p05,twice_auto,78,45,3.9000000000000004,0,0,0,0,0.0054528218610336368,0.14846783505423064,0.81796245374154963,-0.039179240153969473,-0.0013550640689375839,0.079929436793200193,2377.8562324733798,2798.5742324497269,3018.6163543494872,2791,2791,2791
BTC-USD,fz0_avg,auto,78,23,3.9000000000000004,0,0,0,0,0.00023150661667919651,0.060503880302048646,0.37349983869601533,-0.051446284555290517,-0.0018759270910918796,0.11013619824496637,2237.2118615938125,2801.4914846410093,3093.748442931349,2791,2791,2791
BTC-USD,fz0_avg,fixed,78,24,3.9000000000000004,0,0,0,0,9,9,9,-0.051446284555290517,-0.0018759270910918796,0.11013619824496637,2237.2118615938125,2801.4914846410093,3093.748442931349,2791,2791,2791
BTC-USD,fz0_avg,twice_auto,78,23,3.9000000000000004,0,0,0,0,0.00046301323335839301,0.12100776060409729,0.74699967739203066,-0.051446284555290517,-0.0018759270910918796,0.11013619824496637,2237.2118615938125,2801.4914846410093,3093.748442931349,2791,2791,2791
BTC-USD,log_score,auto,78,39,3.9000000000000004,0,0,0,0,0.0021691060655319107,0.060582465994309206,0.62375677729528667,-0.023207625431276444,0.0085251782022410863,0.13871157913621746,2111.0314733554296,2743.8152663279229,2923.6228260274679,2791,2791,2791
BTC-USD,log_score,fixed,78,39,3.9000000000000004,0,0,0,0,9,9,9,-0.023207625431276444,0.0085251782022410863,0.13871157913621746,2111.0314733554296,2743.8152663279229,2923.6228260274679,2791,2791,2791
BTC-USD,log_score,twice_auto,78,39,3.9000000000000004,0,0,0,0,0.0043382121310638214,0.12116493198861841,1.2475135545905733,-0.023207625431276444,0.0085251782022410863,0.13871157913621746,2111.0314733554296,2743.8152663279229,2923.6228260274679,2791,2791,2791
BTC-USD,pinball_0p01,auto,78,25,3.9000000000000004,0,0,0,0,0.0020464330572963689,0.083717359469634767,0.39904318565270153,-0.078060915995088007,-0.0067706901195572714,0.10581689929593691,2256.8519577282696,2829.0543803310638,3263.6299607472329,2791,2791,2791
BTC-USD,pinball_0p01,fixed,78,25,3.9000000000000004,0,0,0,0,9,9,9,-0.078060915995088007,-0.0067706901195572714,0.10581689929593691,2256.8519577282696,2829.0543803310638,3263.6299607472329,2791,2791,2791
BTC-USD,pinball_0p01,twice_auto,78,25,3.9000000000000004,0,0,0,0,0.0040928661145927378,0.16743471893926953,0.79808637130540305,-0.078060915995088007,-0.0067706901195572714,0.10581689929593691,2256.8519577282696,2829.0543803310638,3263.6299607472329,2791,2791,2791
BTC-USD,pinball_0p025,auto,78,35,3.9000000000000004,0,0,0,0,0.001403259148843713,0.09371024963415335,0.51130896782174795,-0.056081734191995851,-0.0034879629034876821,0.05928713744036361,2478.5815919073771,2810.538127795824,3122.6476135693251,2791,2791,2791
BTC-USD,pinball_0p025,fixed,78,35,3.9000000000000004,0,0,0,0,9,9,9,-0.056081734191995851,-0.0034879629034876821,0.05928713744036361,2478.5815919073771,2810.538127795824,3122.6476135693251,2791,2791,2791
BTC-USD,pinball_0p025,twice_auto,78,35,3.9000000000000004,0,0,0,0,0.002806518297687426,0.1874204992683067,1.0226179356434959,-0.056081734191995851,-0.0034879629034876821,0.05928713744036361,2478.5815919073771,2810.538127795824,3122.6476135693251,2791,2791,2791
BTC-USD,pinball_0p05,auto,78,40,3.9000000000000004,0,0,0,0,0.0084181448680577219,0.14567814031777182,1.596863411982645,-0.052506859638795235,0.0035229434838499277,0.10216856878685954,2273.561046359745,2771.403968674525,3100.3355276345546,2791,2791,2791
BTC-USD,pinball_0p05,fixed,78,39,3.9000000000000004,0,0,0,0,9,9,9,-0.052506859638795235,0.0035229434838499277,0.10216856878685954,2273.561046359745,2771.403968674525,3100.3355276345546,2791,2791,2791
BTC-USD,pinball_0p05,twice_auto,78,40,3.9000000000000004,0,0,0,0,0.016836289736115444,0.29135628063554364,3.1937268239652901,-0.052506859638795235,0.0035229434838499277,0.10216856878685954,2273.561046359745,2771.403968674525,3100.3355276345546,2791,2791,2791
BTC-USD,pinball_avg,auto,78,38,3.9000000000000004,0,0,0,0,0.0033000869297649662,0.10082653320675905,0.72198938938006529,-0.061834534213226593,-0.0027752174017793641,0.072248372553153348,2414.8833968743465,2806.534417632744,3158.9099077568035,2791,2791,2791
BTC-USD,pinball_avg,fixed,78,37,3.9000000000000004,0,0,0,0,9,9,9,-0.061834534213226593,-0.0027752174017793641,0.072248372553153348,2414.8833968743465,2806.534417632744,3158.9099077568035,2791,2791,2791
BTC-USD,pinball_avg,twice_auto,78,38,3.9000000000000004,0,0,0,0,0.0066001738595299324,0.2016530664135181,1.4439787787601306,-0.061834534213226593,-0.0027752174017793641,0.072248372553153348,2414.8833968743465,2806.534417632744,3158.9099077568035,2791,2791,2791
BTC-USD,qlike,auto,78,64,3.9000000000000004,0,0,0,0,0.0048608084185883691,0.40212213199469138,4.7056454041959217,-0.051535525392885889,0.06739144261001706,0.41765343640475877,1146.4926598112975,2438.5749755862271,3094.3021377656264,2791,2791,2791
BTC-USD,qlike,fixed,78,64,3.9000000000000004,0,0,0,0,9,9,9,-0.051535525392885889,0.06739144261001706,0.41765343640475877,1146.4926598112975,2438.5749755862271,3094.3021377656264,2791,2791,2791
BTC-USD,qlike,twice_auto,78,64,3.9000000000000004,0,0,0,0,0.0097216168371767383,0.80424426398938276,9.4112908083918434,-0.051535525392885889,0.06739144261001706,0.41765343640475877,1146.4926598112975,2438.5749755862271,3094.3021377656264,2791,2791,2791
BTC-USD,qlike_ex_near_zero,auto,78,64,3.9000000000000004,0,0,0,0,0.0048608084185883691,0.40212213199469138,4.7056454041959217,-0.051535525392885889,0.06739144261001706,0.41765343640475877,1146.4926598112975,2438.5749755862271,3094.3021377656264,2791,2791,2791
BTC-USD,qlike_ex_near_zero,fixed,78,64,3.9000000000000004,0,0,0,0,9,9,9,-0.051535525392885889,0.06739144261001706,0.41765343640475877,1146.4926598112975,2438.5749755862271,3094.3021377656264,2791,2791,2791
BTC-USD,qlike_ex_near_zero,twice_auto,78,64,3.9000000000000004,0,0,0,0,0.0097216168371767383,0.80424426398938276,9.4112908083918434,-0.051535525392885889,0.06739144261001706,0.41765343640475877,1146.4926598112975,2438.5749755862271,3094.3021377656264,2791,2791,2791
CAC,crps,auto,78,61,3.9000000000000004,0,0,0,0,0.043295923939930432,1.0007699711825511,3.255310201615778,-0.20502676735326594,-0.04040281188815037,0.12311812729872328,3933.45167110282,5462.7446981531029,7636.6405868957345,5038,5038,5038
CAC,crps,fixed,78,61,3.9000000000000004,0,0,0,0,10,10,10,-0.20502676735326594,-0.04040281188815037,0.12311812729872328,3933.45167110282,5462.7446981531029,7636.6405868957345,5038,5038,5038
CAC,crps,twice_auto,78,61,3.9000000000000004,0,0,0,0,0.086591847879860864,2.0015399423651021,6.510620403231556,-0.20502676735326594,-0.04040281188815037,0.12311812729872328,3933.45167110282,5462.7446981531029,7636.6405868957345,5038,5038,5038
CAC,fz0_0p01,auto,78,49,3.9000000000000004,0,0,0,0,0.0042370437145437811,0.34977438020215912,2.1611624066572377,-0.017181482972845951,0.051057232137693351,0.098729193492940334,4132.5945920738304,4548.545920043538,5214.1470906735194,5038,5038,5038
CAC,fz0_0p01,fixed,78,48,3.9000000000000004,0,0,0,0,10,10,10,-0.017181482972845951,0.051057232137693351,0.098729193492940334,4132.5945920738304,4548.545920043538,5214.1470906735194,5038,5038,5038
CAC,fz0_0p01,twice_auto,78,49,3.9000000000000004,0,0,0,0,0.0084740874290875623,0.69954876040431824,4.3223248133144754,-0.017181482972845951,0.051057232137693351,0.098729193492940334,4132.5945920738304,4548.545920043538,5214.1470906735194,5038,5038,5038
CAC,fz0_0p025,auto,78,48,3.9000000000000004,0,0,0,0,0.0079584464003697383,0.40568651253286192,1.8754387915464323,-0.0073381979149421501,0.061395486284549494,0.12637960583025429,3907.4744633564114,4455.198821031765,5112.4862772352562,5038,5038,5038
CAC,fz0_0p025,fixed,78,44,3.9000000000000004,0,0,0,0,10,10,10,-0.0073381979149421501,0.061395486284549494,0.12637960583025429,3907.4744633564114,4455.198821031765,5112.4862772352562,5038,5038,5038
CAC,fz0_0p025,twice_auto,78,48,3.9000000000000004,0,0,0,0,0.015916892800739477,0.81137302506572384,3.7508775830928647,-0.0073381979149421501,0.061395486284549494,0.12637960583025429,3907.4744633564114,4455.198821031765,5112.4862772352562,5038,5038,5038
CAC,fz0_0p05,auto,78,44,3.9000000000000004,0,0,0,0,0.010232196578042202,0.40711425751632202,1.5447248773271975,-0.015997664937970408,0.049174336350808832,0.12316086424108712,3933.1103020031696,4565.7542731980557,5201.8130989850024,5038,5038,5038
CAC,fz0_0p05,fixed,78,44,3.9000000000000004,0,0,0,0,10,10,10,-0.015997664937970408,0.049174336350808832,0.12316086424108712,3933.1103020031696,4565.7542731980557,5201.8130989850024,5038,5038,5038
CAC,fz0_0p05,twice_auto,78,44,3.9000000000000004,0,0,0,0,0.020464393156084403,0.81422851503264404,3.0894497546543951,-0.015997664937970408,0.049174336350808832,0.12316086424108712,3933.1103020031696,4565.7542731980557,5201.8130989850024,5038,5038,5038
CAC,fz0_avg,auto,78,48,3.9000000000000004,0,0,0,0,0.0046394860582899752,0.38080868210993934,2.0328458905102775,-0.0084751571007469651,0.061508057218559543,0.11928241914218488,3964.1962533122073,4454.156998270646,5124.1256110310123,5038,5038,5038
CAC,fz0_avg,fixed,78,45,3.9000000000000004,0,0,0,0,10,10,10,-0.0084751571007469651,0.061508057218559543,0.11928241914218488,3964.1962533122073,4454.156998270646,5124.1256110310123,5038,5038,5038
CAC,fz0_avg,twice_auto,78,48,3.9000000000000004,0,0,0,0,0.0092789721165799505,0.76161736421987869,4.0656917810205551,-0.0084751571007469651,0.061508057218559543,0.11928241914218488,3964.1962533122073,4454.156998270646,5124.1256110310123,5038,5038,5038
CAC,log_score,auto,78,54,3.9000000000000004,0,0,0,0,0.0018725091093731391,0.30619242019180393,2.0962000154083769,-0.030594488838314119,0.028844215164515678,0.11456897383729195,4002.2660010442064,4755.5324525984215,5355.9990891174511,5038,5038,5038
CAC,log_score,fixed,78,54,3.9000000000000004,0,0,0,0,10,10,10,-0.030594488838314119,0.028844215164515678,0.11456897383729195,4002.2660010442064,4755.5324525984215,5355.9990891174511,5038,5038,5038
CAC,log_score,twice_auto,78,54,3.9000000000000004,0,0,0,0,0.0037450182187462782,0.61238484038360785,4.1924000308167537,-0.030594488838314119,0.028844215164515678,0.11456897383729195,4002.2660010442064,4755.5324525984215,5355.9990891174511,5038,5038,5038
CAC,pinball_0p01,auto,78,52,3.9000000000000004,0,0,0,0,0.0024246060638688795,0.31039040685804231,2.0017765329630768,-0.032789600697638539,0.035330721761108456,0.065312468962147915,4420.2578291008585,4694.1678046341913,5379.5885694236867,5038,5038,5038
CAC,pinball_0p01,fixed,78,47,3.9000000000000004,0,0,0,0,10,10,10,-0.032789600697638539,0.035330721761108456,0.065312468962147915,4420.2578291008585,4694.1678046341913,5379.5885694236867,5038,5038,5038
CAC,pinball_0p01,twice_auto,78,52,3.9000000000000004,0,0,0,0,0.0048492121277377591,0.62078081371608462,4.0035530659261536,-0.032789600697638539,0.035330721761108456,0.065312468962147915,4420.2578291008585,4694.1678046341913,5379.5885694236867,5038,5038,5038
CAC,pinball_0p025,auto,78,46,3.9000000000000004,0,0,0,0,0.0031705952732659767,0.30118480336888886,1.4332754320557153,-0.026175100640816663,0.022273302803777394,0.10253454625178951,4100.9426610301516,4818.4639929114755,5308.8292981935665,5038,5038,5038
CAC,pinball_0p025,fixed,78,43,3.9000000000000004,0,0,0,0,10,10,10,-0.026175100640816663,0.022273302803777394,0.10253454625178951,4100.9426610301516,4818.4639929114755,5308.8292981935665,5038,5038,5038
CAC,pinball_0p025,twice_auto,78,46,3.9000000000000004,0,0,0,0,0.0063411905465319534,0.60236960673777773,2.8665508641114306,-0.026175100640816663,0.022273302803777394,0.10253454625178951,4100.9426610301516,4818.4639929114755,5308.8292981935665,5038,5038,5038
CAC,pinball_0p05,auto,78,42,3.9000000000000004,0,0,0,0,0.01819387678548286,0.25300676541889555,0.92933275981221752,-0.04625522260014988,-0.0015601110076048936,0.1326117021574858,3858.2527764868241,5053.7445207560741,5526.6712189289547,5038,5038,5038
CAC,pinball_0p05,fixed,78,37,3.9000000000000004,0,0,0,0,10,10,10,-0.04625522260014988,-0.0015601110076048936,0.1326117021574858,3858.2527764868241,5053.7445207560741,5526.6712189289547,5038,5038,5038
CAC,pinball_0p05,twice_auto,78,42,3.9000000000000004,0,0,0,0,0.036387753570965721,0.5060135308377911,1.858665519624435,-0.04625522260014988,-0.0015601110076048936,0.1326117021574858,3858.2527764868241,5053.7445207560741,5526.6712189289547,5038,5038,5038
CAC,pinball_avg,auto,78,46,3.9000000000000004,0,0,0,0,0.01358819077454544,0.28738706483229004,1.4337443082642731,-0.036653199630400479,0.019321098561386297,0.094213903466683499,4170.4371877173762,4847.0110595530577,5421.3693528999338,5038,5038,5038
CAC,pinball_avg,fixed,78,43,3.9000000000000004,0,0,0,0,10,10,10,-0.036653199630400479,0.019321098561386297,0.094213903466683499,4170.4371877173762,4847.0110595530577,5421.3693528999338,5038,5038,5038
CAC,pinball_avg,twice_auto,78,46,3.9000000000000004,0,0,0,0,0.02717638154909088,0.57477412966458008,2.8674886165285463,-0.036653199630400479,0.019321098561386297,0.094213903466683499,4170.4371877173762,4847.0110595530577,5421.3693528999338,5038,5038,5038
CAC,qlike,auto,78,55,3.9000000000000004,0,0,0,0,0.042737077229643393,0.69169226342020784,6.7987255274633105,0.00064263099300855629,0.093907304589384843,0.51619558642251984,1598.6460676503486,4149.8552865491201,5003.5649727979753,5010,5010,5010
CAC,qlike,fixed,78,53,3.9000000000000004,0,0,0,0,10,10,10,0.00064263099300855629,0.093907304589384843,0.51619558642251984,1598.6460676503486,4149.8552865491201,5003.5649727979753,5010,5010,5010
CAC,qlike,twice_auto,78,55,3.9000000000000004,0,0,0,0,0.085474154459286786,1.3833845268404157,13.597451054926621,0.00064263099300855629,0.093907304589384843,0.51619558642251984,1598.6460676503486,4149.8552865491201,5003.5649727979753,5010,5010,5010
CAC,qlike_ex_near_zero,auto,78,55,3.9000000000000004,0,0,0,0,0.037799187660392725,0.69004757020249052,6.7979365559709644,0.0005224711853522283,0.093749830214093208,0.51619452139967892,1598.0125258556554,4149.5166499424267,5002.7696613087683,5008,5008,5008
CAC,qlike_ex_near_zero,fixed,78,53,3.9000000000000004,0,0,0,0,10,10,10,0.0005224711853522283,0.093749830214093208,0.51619452139967892,1598.0125258556554,4149.5166499424267,5002.7696613087683,5008,5008,5008
CAC,qlike_ex_near_zero,twice_auto,78,55,3.9000000000000004,0,0,0,0,0.075598375320785449,1.380095140404981,13.595873111941929,0.0005224711853522283,0.093749830214093208,0.51619452139967892,1598.0125258556554,4149.5166499424267,5002.7696613087683,5008,5008,5008
DAX,crps,auto,78,60,3.9000000000000004,0,0,0,0,0.011295670937860025,0.46173361900461007,2.0706828861950939,-0.20202894576634836,-0.017297529226172802,0.094144639389229706,4136.247821986045,5171.8797212466316,7525.7574584782751,4996,4996,4996
DAX,crps,fixed,78,60,3.9000000000000004,0,0,0,0,10,10,10,-0.20202894576634836,-0.017297529226172802,0.094144639389229706,4136.247821986045,5171.8797212466316,7525.7574584782751,4996,4996,4996
DAX,crps,twice_auto,78,60,3.9000000000000004,0,0,0,0,0.022591341875720049,0.92346723800922015,4.1413657723901878,-0.20202894576634836,-0.017297529226172802,0.094144639389229706,4136.247821986045,5171.8797212466316,7525.7574584782751,4996,4996,4996
DAX,fz0_0p01,auto,78,39,3.9000000000000004,0,0,0,0,0.0040852214864387998,0.22185569319255966,2.3054190539989996,-0.010093569955049665,0.014941896467751804,0.093556999113710196,4141.1551808439499,4848.9051277265507,5097.8833173821049,4996,4996,4996
DAX,fz0_0p01,fixed,78,36,3.9000000000000004,0,0,0,0,10,10,10,-0.010093569955049665,0.014941896467751804,0.093556999113710196,4141.1551808439499,4848.9051277265507,5097.8833173821049,4996,4996,4996
DAX,fz0_0p01,twice_auto,78,38,3.9000000000000004,0,0,0,0,0.0081704429728775996,0.44371138638511931,4.6108381079979992,-0.010093569955049665,0.014941896467751804,0.093556999113710196,4141.1551808439499,4848.9051277265507,5097.8833173821049,4996,4996,4996
DAX,fz0_0p025,auto,78,35,3.9000000000000004,0,0,0,0,0.00038931107118583808,0.31025497084974418,2.1263163136406749,-0.0095093427259987547,0.023940504588272297,0.088784552444993559,4181.2058829837279,4762.3816040424917,5091.9295797697705,4996,4996,4996
DAX,fz0_0p025,fixed,78,33,3.9000000000000004,0,0,0,0,10,10,10,-0.0095093427259987547,0.023940504588272297,0.088784552444993559,4181.2058829837279,4762.3816040424917,5091.9295797697705,4996,4996,4996
DAX,fz0_0p025,twice_auto,78,35,3.9000000000000004,0,0,0,0,0.00077862214237167616,0.62050994169948837,4.2526326272813497,-0.0095093427259987547,0.023940504588272297,0.088784552444993559,4181.2058829837279,4762.3816040424917,5091.9295797697705,4996,4996,4996
DAX,fz0_0p05,auto,78,36,3.9000000000000004,0,0,0,0,0.012569337570712649,0.51225969535568094,1.8707171516045575,-0.01806373163027114,0.036151255775227105,0.085835282152123701,4206.132371491809,4647.3807473980505,5179.8131580060026,4996,4996,4996
DAX,fz0_0p05,fixed,78,36,3.9000000000000004,0,0,0,0,10,10,10,-0.01806373163027114,0.036151255775227105,0.085835282152123701,4206.132371491809,4647.3807473980505,5179.8131580060026,4996,4996,4996
DAX,fz0_0p05,twice_auto,78,36,3.9000000000000004,0,0,0,0,0.025138675141425298,1.0245193907113619,3.7414343032091151,-0.01806373163027114,0.036151255775227105,0.085835282152123701,4206.132371491809,4647.3807473980505,5179.8131580060026,4996,4996,4996
DAX,fz0_avg,auto,78,37,3.9000000000000004,0,0,0,0,0.0092448781464473696,0.36067621488727342,2.2392265841032408,-0.010885264305230466,0.021692834186431153,0.091397859432692075,4159.2314434571417,4783.8487564239367,5105.9625321641415,4996,4996,4996
DAX,fz0_avg,fixed,78,33,3.9000000000000004,0,0,0,0,10,10,10,-0.010885264305230466,0.021692834186431153,0.091397859432692075,4159.2314434571417,4783.8487564239367,5105.9625321641415,4996,4996,4996
DAX,fz0_avg,twice_auto,78,37,3.9000000000000004,0,0,0,0,0.018489756292894739,0.72135242977454683,4.4784531682064816,-0.010885264305230466,0.021692834186431153,0.091397859432692075,4159.2314434571417,4783.8487564239367,5105.9625321641415,4996,4996,4996
DAX,log_score,auto,78,49,3.9000000000000004,0,0,0,0,0.0078368068689202864,0.36887059790653465,1.9380936729284897,-0.054306424552195011,0.023844181924018347,0.096684035122561213,4115.1019035517666,4763.2983570385777,5569.7902934030044,4996,4996,4996
DAX,log_score,fixed,78,49,3.9000000000000004,0,0,0,0,10,10,10,-0.054306424552195011,0.023844181924018347,0.096684035122561213,4115.1019035517666,4763.2983570385777,5569.7902934030044,4996,4996,4996
DAX,log_score,twice_auto,78,49,3.9000000000000004,0,0,0,0,0.015673613737840573,0.73774119581306929,3.8761873458569793,-0.054306424552195011,0.023844181924018347,0.096684035122561213,4115.1019035517666,4763.2983570385777,5569.7902934030044,4996,4996,4996
DAX,pinball_0p01,auto,78,34,3.9000000000000004,0,0,0,0,0.00091172232945384659,0.17974574886126909,2.177381983375513,-0.01978366508204989,0.0120711504894643,0.078395994519970508,4269.613050100179,4876.8237344589534,5197.6681159637983,4996,4996,4996
DAX,pinball_0p01,fixed,78,34,3.9000000000000004,0,0,0,0,10,10,10,-0.01978366508204989,0.0120711504894643,0.078395994519970508,4269.613050100179,4876.8237344589534,5197.6681159637983,4996,4996,4996
DAX,pinball_0p01,twice_auto,78,34,3.9000000000000004,0,0,0,0,0.0018234446589076932,0.35949149772253819,4.3547639667510261,-0.01978366508204989,0.0120711504894643,0.078395994519970508,4269.613050100179,4876.8237344589534,5197.6681159637983,4996,4996,4996
DAX,pinball_0p025,auto,78,34,3.9000000000000004,0,0,0,0,0.0095194094138041779,0.245637059614046,1.5265640854855449,-0.033248880913118901,0.0070615963227536518,0.059502403781117617,4434.8422183289786,4925.9369859843655,5339.6487546015733,4996,4996,4996
DAX,pinball_0p025,fixed,78,32,3.9000000000000004,0,0,0,0,10,10,10,-0.033248880913118901,0.0070615963227536518,0.059502403781117617,4434.8422183289786,4925.9369859843655,5339.6487546015733,4996,4996,4996
DAX,pinball_0p025,twice_auto,78,34,3.9000000000000004,0,0,0,0,0.019038818827608356,0.491274119228092,3.0531281709710898,-0.033248880913118901,0.0070615963227536518,0.059502403781117617,4434.8422183289786,4925.9369859843655,5339.6487546015733,4996,4996,4996
DAX,pinball_0p05,auto,78,35,3.9000000000000004,0,0,0,0,0.0086826065703743058,0.32275782646891571,1.2773288832854941,-0.059165672814480985,0.0063483162656132082,0.06729778136413056,4365.9608083782041,4932.9678027399441,5624.3607917780837,4996,4996,4996
DAX,pinball_0p05,fixed,78,34,3.9000000000000004,0,0,0,0,10,10,10,-0.059165672814480985,0.0063483162656132082,0.06729778136413056,4365.9608083782041,4932.9678027399441,5624.3607917780837,4996,4996,4996
DAX,pinball_0p05,twice_auto,78,35,3.9000000000000004,0,0,0,0,0.017365213140748612,0.64551565293783142,2.5546577665709882,-0.059165672814480985,0.0063483162656132082,0.06729778136413056,4365.9608083782041,4932.9678027399441,5624.3607917780837,4996,4996,4996
DAX,pinball_avg,auto,78,34,3.9000000000000004,0,0,0,0,0.013504242690012344,0.25429139268091533,1.6139515647517548,-0.043492950500971767,0.011128150765172991,0.06181319368471537,4414.3181797220432,4886.032813133972,5450.3422462315593,4996,4996,4996
DAX,pinball_avg,fixed,78,33,3.9000000000000004,0,0,0,0,10,10,10,-0.043492950500971767,0.011128150765172991,0.06181319368471537,4414.3181797220432,4886.032813133972,5450.3422462315593,4996,4996,4996
DAX,pinball_avg,twice_auto,78,34,3.9000000000000004,0,0,0,0,0.027008485380024688,0.50858278536183066,3.2279031295035097,-0.043492950500971767,0.011128150765172991,0.06181319368471537,4414.3181797220432,4886.032813133972,5450.3422462315593,4996,4996,4996
DAX,qlike,auto,78,56,3.9000000000000004,0,0,0,0,0.053496267049131262,1.8068525241965037,5.4052003405740159,-0.010025844430169699,0.12742180269822662,0.56681505257597942,1381.2683212178031,3866.8331180879154,5097.1927806222302,4996,4996,4996
DAX,qlike,fixed,78,55,3.9000000000000004,0,0,0,0,10,10,10,-0.010025844430169699,0.12742180269822662,0.56681505257597942,1381.2683212178031,3866.8331180879154,5097.1927806222302,4996,4996,4996
DAX,qlike,twice_auto,78,56,3.9000000000000004,0,0,0,0,0.10699253409826252,3.6137050483930073,10.810400681148032,-0.010025844430169699,0.12742180269822662,0.56681505257597942,1381.2683212178031,3866.8331180879154,5097.1927806222302,4996,4996,4996
DAX,qlike_ex_near_zero,auto,78,56,3.9000000000000004,0,0,0,0,0.053496267049131262,1.8068525241965037,5.4052003405740159,-0.010025844430169699,0.12742180269822662,0.56681505257597942,1381.2683212178031,3866.8331180879154,5097.1927806222302,4996,4996,4996
DAX,qlike_ex_near_zero,fixed,78,55,3.9000000000000004,0,0,0,0,10,10,10,-0.010025844430169699,0.12742180269822662,0.56681505257597942,1381.2683212178031,3866.8331180879154,5097.1927806222302,4996,4996,4996
DAX,qlike_ex_near_zero,twice_auto,78,56,3.9000000000000004,0,0,0,0,0.10699253409826252,3.6137050483930073,10.810400681148032,-0.010025844430169699,0.12742180269822662,0.56681505257597942,1381.2683212178031,3866.8331180879154,5097.1927806222302,4996,4996,4996
DIA,crps,auto,78,65,3.9000000000000004,0,0,0,0,0.011609920720728686,1.9204591400732349,8.5036740007973961,-0.12022209410773416,0.079141224344693534,0.3517242073352978,2351.9179947918969,4184.7585913001194,6244.2681416655732,4904,4904,4904
DIA,crps,fixed,78,65,3.9000000000000004,0,0,0,0,10,10,10,-0.12022209410773416,0.079141224344693534,0.3517242073352978,2351.9179947918969,4184.7585913001194,6244.2681416655732,4904,4904,4904
DIA,crps,twice_auto,78,65,3.9000000000000004,0,0,0,0,0.023219841441457372,3.8409182801464699,17.007348001594792,-0.12022209410773416,0.079141224344693534,0.3517242073352978,2351.9179947918969,4184.7585913001194,6244.2681416655732,4904,4904,4904
DIA,fz0_0p01,auto,78,44,3.9000000000000004,0,0,0,0,0.0055463885099875003,0.35467083267456084,3.4781151186460848,-0.084798607536856002,0.033700761681098326,0.12469995834518127,3816.5480245868648,4584.2436795454141,5812.7669113822694,4904,4904,4904
DIA,fz0_0p01,fixed,78,41,3.9000000000000004,0,0,0,0,10,10,10,-0.084798607536856002,0.033700761681098326,0.12469995834518127,3816.5480245868648,4584.2436795454141,5812.7669113822694,4904,4904,4904
DIA,fz0_0p01,twice_auto,78,43,3.9000000000000004,0,0,0,0,0.011092777019975001,0.70934166534912169,6.9562302372921696,-0.084798607536856002,0.033700761681098326,0.12469995834518127,3816.5480245868648,4584.2436795454141,5812.7669113822694,4904,4904,4904
DIA,fz0_0p025,auto,78,50,3.9000000000000004,0,0,0,0,0.0055089200780765639,0.35049260522162978,3.2465661403127584,-0.077043735241216327,0.021711573710814239,0.11807313797075009,3868.2347196365504,4695.5799148277238,5722.7223859879632,4904,4904,4904
DIA,fz0_0p025,fixed,78,49,3.9000000000000004,0,0,0,0,10,10,10,-0.077043735241216327,0.021711573710814239,0.11807313797075009,3868.2347196365504,4695.5799148277238,5722.7223859879632,4904,4904,4904
DIA,fz0_0p025,twice_auto,78,50,3.9000000000000004,0,0,0,0,0.011017840156153128,0.70098521044325957,6.4931322806255167,-0.077043735241216327,0.021711573710814239,0.11807313797075009,3868.2347196365504,4695.5799148277238,5722.7223859879632,4904,4904,4904
DIA,fz0_0p05,auto,78,58,3.9000000000000004,0,0,0,0,0.0058557680590433257,0.30184225885474014,3.0410444422346239,-0.06791582828864616,0.012491188220655055,0.10649542507222298,3960.0221891200449,4783.0007313344504,5618.6548177424938,4904,4904,4904
DIA,fz0_0p05,fixed,78,57,3.9000000000000004,0,0,0,0,10,10,10,-0.06791582828864616,0.012491188220655055,0.10649542507222298,3960.0221891200449,4783.0007313344504,5618.6548177424938,4904,4904,4904
DIA,fz0_0p05,twice_auto,78,58,3.9000000000000004,0,0,0,0,0.011711536118086651,0.60368451770948028,6.0820888844692478,-0.06791582828864616,0.012491188220655055,0.10649542507222298,3960.0221891200449,4783.0007313344504,5618.6548177424938,4904,4904,4904
DIA,fz0_avg,auto,78,52,3.9000000000000004,0,0,0,0,0.0044365103334743803,0.35759596039738661,3.3871855633087575,-0.083986739158630516,0.023903676786052694,0.12170806672661703,3839.8080289658892,4675.051459902661,5803.2685727182925,4904,4904,4904
DIA,fz0_avg,fixed,78,50,3.9000000000000004,0,0,0,0,10,10,10,-0.083986739158630516,0.023903676786052694,0.12170806672661703,3839.8080289658892,4675.051459902661,5803.2685727182925,4904,4904,4904
DIA,fz0_avg,twice_auto,78,52,3.9000000000000004,0,0,0,0,0.0088730206669487607,0.71519192079477323,6.7743711266175151,-0.083986739158630516,0.023903676786052694,0.12170806672661703,3839.8080289658892,4675.051459902661,5803.2685727182925,4904,4904,4904
DIA,log_score,auto,78,61,3.9000000000000004,0,0,0,0,0.025494182593907053,0.32901096625276216,6.6648303730052127,-0.086776027567958533,0.030705521363644867,0.26745728236900329,2834.3278603819103,4611.8357630918645,5835.9721164567572,4904,4904,4904
DIA,log_score,fixed,78,61,3.9000000000000004,0,0,0,0,10,10,10,-0.086776027567958533,0.030705521363644867,0.26745728236900329,2834.3278603819103,4611.8357630918645,5835.9721164567572,4904,4904,4904
DIA,log_score,twice_auto,78,61,3.9000000000000004,0,0,0,0,0.050988365187814105,0.65802193250552432,13.329660746010425,-0.086776027567958533,0.030705521363644867,0.26745728236900329,2834.3278603819103,4611.8357630918645,5835.9721164567572,4904,4904,4904
DIA,pinball_0p01,auto,78,46,3.9000000000000004,0,0,0,0,0.0013014365804293929,0.30956534233946414,3.8089456284636709,-0.034028403984272974,-0.001045449090182102,0.13805751622439411,3714.1935975774777,4914.2656391614037,5249.5076605299228,4904,4904,4904
DIA,pinball_0p01,fixed,78,37,3.9000000000000004,0,0,0,0,10,10,10,-0.034028403984272974,-0.001045449090182102,0.13805751622439411,3714.1935975774777,4914.2656391614037,5249.5076605299228,4904,4904,4904
DIA,pinball_0p01,twice_auto,78,45,3.9000000000000004,0,0,0,0,0.0026028731608587858,0.61913068467892829,7.6178912569273418,-0.034028403984272974,-0.001045449090182102,0.13805751622439411,3714.1935975774777,4914.2656391614037,5249.5076605299228,4904,4904,4904
DIA,pinball_0p025,auto,78,46,3.9000000000000004,0,0,0,0,0.025429318606903884,0.57948703519620637,3.2208206551915484,-0.052352887557840684,-0.012137482087863924,0.13331919634915643,3750.2255982208926,5024.5072074080963,5445.8442312814441,4904,4904,4904
DIA,pinball_0p025,fixed,78,43,3.9000000000000004,0,0,0,0,10,10,10,-0.052352887557840684,-0.012137482087863924,0.13331919634915643,3750.2255982208926,5024.5072074080963,5445.8442312814441,4904,4904,4904
DIA,pinball_0p025,twice_auto,78,46,3.9000000000000004,0,0,0,0,0.050858637213807768,1.1589740703924127,6.4416413103830967,-0.052352887557840684,-0.012137482087863924,0.13331919634915643,3750.2255982208926,5024.5072074080963,5445.8442312814441,4904,4904,4904
DIA,pinball_0p05,auto,78,53,3.9000000000000004,0,0,0,0,0.012942395333530201,0.80332649655857291,2.6556350803997901,-0.072811907433911444,-0.022466342653544746,0.12034296988941154,3850.4620385024969,5129.414576024772,5674.2204049400043,4904,4904,4904
DIA,pinball_0p05,fixed,78,51,3.9000000000000004,0,0,0,0,10,10,10,-0.072811907433911444,-0.022466342653544746,0.12034296988941154,3850.4620385024969,5129.414576024772,5674.2204049400043,4904,4904,4904
DIA,pinball_0p05,twice_auto,78,53,3.9000000000000004,0,0,0,0,0.025884790667060401,1.6066529931171458,5.3112701607995803,-0.072811907433911444,-0.022466342653544746,0.12034296988941154,3850.4620385024969,5129.414576024772,5674.2204049400043,4904,4904,4904
DIA,pinball_avg,auto,78,49,3.9000000000000004,0,0,0,0,0.014919828794463684,0.53440578264157956,3.3227191174106059,-0.057875099015599195,-0.013674846500730658,0.13398170035591228,3745.169556194473,5039.9825594615486,5506.5092538705712,4904,4904,4904
DIA,pinball_avg,fixed,78,48,3.9000000000000004,0,0,0,0,10,10,10,-0.057875099015599195,-0.013674846500730658,0.13398170035591228,3745.169556194473,5039.9825594615486,5506.5092538705712,4904,4904,4904
DIA,pinball_avg,twice_auto,78,49,3.9000000000000004,0,0,0,0,0.029839657588927367,1.0688115652831591,6.6454382348212118,-0.057875099015599195,-0.013674846500730658,0.13398170035591228,3745.169556194473,5039.9825594615486,5506.5092538705712,4904,4904,4904
DIA,qlike,auto,78,56,3.9000000000000004,0,0,0,0,0.02045856675314893,1.2468709884919837,8.3071648589825937,0.0078329250335056819,0.093656017785975459,0.51324534913565212,1577.4340950079338,4064.130827987824,4827.7717613501572,4904,4904,4904
DIA,qlike,fixed,78,55,3.9000000000000004,0,0,0,0,10,10,10,0.0078329250335056819,0.093656017785975459,0.51324534913565212,1577.4340950079338,4064.130827987824,4827.7717613501572,4904,4904,4904
DIA,qlike,twice_auto,78,56,3.9000000000000004,0,0,0,0,0.040917133506297859,2.4937419769839675,16.614329717965187,0.0078329250335056819,0.093656017785975459,0.51324534913565212,1577.4340950079338,4064.130827987824,4827.7717613501572,4904,4904,4904
DIA,qlike_ex_near_zero,auto,78,56,3.9000000000000004,0,0,0,0,0.02045856675314893,1.2468709884919837,8.3071648589825937,0.0078329250335056819,0.093656017785975459,0.51324534913565212,1577.4340950079338,4064.130827987824,4827.7717613501572,4904,4904,4904
DIA,qlike_ex_near_zero,fixed,78,55,3.9000000000000004,0,0,0,0,10,10,10,0.0078329250335056819,0.093656017785975459,0.51324534913565212,1577.4340950079338,4064.130827987824,4827.7717613501572,4904,4904,4904
DIA,qlike_ex_near_zero,twice_auto,78,56,3.9000000000000004,0,0,0,0,0.040917133506297859,2.4937419769839675,16.614329717965187,0.0078329250335056819,0.093656017785975459,0.51324534913565212,1577.4340950079338,4064.130827987824,4827.7717613501572,4904,4904,4904
ETH-USD,crps,auto,78,61,3.9000000000000004,0,0,0,0,0.008890682118120748,0.20692289026285868,1.0431908386384148,-0.10420883506569668,-0.0048527077991440907,0.13795918734919893,2114.2725809990616,2818.2788912937185,3440.3630883034884,2791,2791,2791
ETH-USD,crps,fixed,78,59,3.9000000000000004,0,0,0,0,9,9,9,-0.10420883506569668,-0.0048527077991440907,0.13795918734919893,2114.2725809990616,2818.2788912937185,3440.3630883034884,2791,2791,2791
ETH-USD,crps,twice_auto,78,61,3.9000000000000004,0,0,0,0,0.017781364236241496,0.41384578052571735,2.0863816772768295,-0.10420883506569668,-0.0048527077991440907,0.13795918734919893,2114.2725809990616,2818.2788912937185,3440.3630883034884,2791,2791,2791
ETH-USD,fz0_0p01,auto,78,18,3.9000000000000004,0,0,0,0,0.0027029399205590349,0.038101437630639542,0.72745346682134693,-0.070564230316081916,0.00022547314091344423,0.051402287670305642,2518.1001089303131,2789.748554076702,3214.7942485883909,2791,2791,2791
ETH-USD,fz0_0p01,fixed,78,16,3.9000000000000004,0,0,0,0,9,9,9,-0.070564230316081916,0.00022547314091344423,0.051402287670305642,2518.1001089303131,2789.748554076702,3214.7942485883909,2791,2791,2791
ETH-USD,fz0_0p01,twice_auto,78,18,3.9000000000000004,0,0,0,0,0.0054058798411180699,0.076202875261279085,1.4549069336426939,-0.070564230316081916,0.00022547314091344423,0.051402287670305642,2518.1001089303131,2789.748554076702,3214.7942485883909,2791,2791,2791
ETH-USD,fz0_0p025,auto,78,27,3.9000000000000004,0,0,0,0,0.0028954870813189936,0.072443842642738704,0.63502341390696915,-0.061559440158932048,0.0040293226937838274,0.057967884910236876,2485.1525936806706,2768.5986029786009,3157.1657537749156,2791,2791,2791
ETH-USD,fz0_0p025,fixed,78,28,3.9000000000000004,0,0,0,0,9,9,9,-0.061559440158932048,0.0040293226937838274,0.057967884910236876,2485.1525936806706,2768.5986029786009,3157.1657537749156,2791,2791,2791
ETH-USD,fz0_0p025,twice_auto,78,27,3.9000000000000004,0,0,0,0,0.0057909741626379872,0.14488768528547741,1.2700468278139383,-0.061559440158932048,0.0040293226937838274,0.057967884910236876,2485.1525936806706,2768.5986029786009,3157.1657537749156,2791,2791,2791
ETH-USD,fz0_0p05,auto,78,40,3.9000000000000004,0,0,0,0,0.0019153415496519861,0.074818648322974191,0.44029304962307608,-0.047199822272886098,0.00026219996517489429,0.063589003862962776,2457.2678738931459,2789.5387350505607,3067.5211574117784,2791,2791,2791
ETH-USD,fz0_0p05,fixed,78,38,3.9000000000000004,0,0,0,0,9,9,9,-0.047199822272886098,0.00026219996517489429,0.063589003862962776,2457.2678738931459,2789.5387350505607,3067.5211574117784,2791,2791,2791
ETH-USD,fz0_0p05,twice_auto,78,40,3.9000000000000004,0,0,0,0,0.0038306830993039723,0.14963729664594838,0.88058609924615217,-0.047199822272886098,0.00026219996517489429,0.063589003862962776,2457.2678738931459,2789.5387350505607,3067.5211574117784,2791,2791,2791
ETH-USD,fz0_avg,auto,78,23,3.9000000000000004,0,0,0,0,0.0058743243020655542,0.058245041551680546,0.67329855780452363,-0.067567886578112857,0.0013583298142472767,0.047635281812919157,2537.1901601675936,2783.4282613684527,3195.4948017662009,2791,2791,2791
ETH-USD,fz0_avg,fixed,78,23,3.9000000000000004,0,0,0,0,9,9,9,-0.067567886578112857,0.0013583298142472767,0.047635281812919157,2537.1901601675936,2783.4282613684527,3195.4948017662009,2791,2791,2791
ETH-USD,fz0_avg,twice_auto,78,23,3.9000000000000004,0,0,0,0,0.011748648604131108,0.11649008310336109,1.3465971156090473,-0.067567886578112857,0.0013583298142472767,0.047635281812919157,2537.1901601675936,2783.4282613684527,3195.4948017662009,2791,2791,2791
ETH-USD,log_score,auto,78,48,3.9000000000000004,0,0,0,0,0.0081978084887697564,0.11056407513573466,1.0326829050309552,-0.049865224628239287,0.0030263944660504473,0.16168310954285514,2014.096978810878,2774.1583568531964,3083.9560006536149,2791,2791,2791
ETH-USD,log_score,fixed,78,48,3.9000000000000004,0,0,0,0,9,9,9,-0.049865224628239287,0.0030263944660504473,0.16168310954285514,2014.096978810878,2774.1583568531964,3083.9560006536149,2791,2791,2791
ETH-USD,log_score,twice_auto,78,48,3.9000000000000004,0,0,0,0,0.016395616977539513,0.22112815027146931,2.0653658100619103,-0.049865224628239287,0.0030263944660504473,0.16168310954285514,2014.096978810878,2774.1583568531964,3083.9560006536149,2791,2791,2791
ETH-USD,pinball_0p01,auto,78,15,3.9000000000000004,0,0,0,0,0.0035766231729767398,0.075225321824538754,1.03578748298116,-0.082762532366447872,-0.0014752980579175686,0.052924842902256693,2510.4230195328182,2799.247282967508,3294.6650507326185,2791,2791,2791
ETH-USD,pinball_0p01,fixed,78,14,3.9000000000000004,0,0,0,0,9,9,9,-0.082762532366447872,-0.0014752980579175686,0.052924842902256693,2510.4230195328182,2799.247282967508,3294.6650507326185,2791,2791,2791
ETH-USD,pinball_0p01,twice_auto,78,15,3.9000000000000004,0,0,0,0,0.0071532463459534797,0.15045064364907751,2.0715749659623199,-0.082762532366447872,-0.0014752980579175686,0.052924842902256693,2510.4230195328182,2799.247282967508,3294.6650507326185,2791,2791,2791
ETH-USD,pinball_0p025,auto,78,38,3.9000000000000004,0,0,0,0,0.004235967037474587,0.13799726025750164,0.79946387757258408,-0.057861164221355253,0.0021016690653568857,0.094186944311726251,2310.5048470636175,2779.2959753756063,3133.8167977139724,2791,2791,2791
ETH-USD,pinball_0p025,fixed,78,38,3.9000000000000004,0,0,0,0,9,9,9,-0.057861164221355253,0.0021016690653568857,0.094186944311726251,2310.5048470636175,2779.2959753756063,3133.8167977139724,2791,2791,2791
ETH-USD,pinball_0p025,twice_auto,78,38,3.9000000000000004,0,0,0,0,0.008471934074949174,0.27599452051500328,1.5989277551451682,-0.057861164221355253,0.0021016690653568857,0.094186944311726251,2310.5048470636175,2779.2959753756063,3133.8167977139724,2791,2791,2791
ETH-USD,pinball_0p05,auto,78,48,3.9000000000000004,0,0,0,0,0.0062985896985883645,0.17821458501631288,0.74120899019094844,-0.073145070535478557,0.0063341811860218797,0.11218807828005893,2227.9352943184513,2755.8673765278099,3231.5174647611025,2791,2791,2791
ETH-USD,pinball_0p05,fixed,78,46,3.9000000000000004,0,0,0,0,9,9,9,-0.073145070535478557,0.0063341811860218797,0.11218807828005893,2227.9352943184513,2755.8673765278099,3231.5174647611025,2791,2791,2791
ETH-USD,pinball_0p05,twice_auto,78,48,3.9000000000000004,0,0,0,0,0.012597179397176729,0.35642917003262575,1.4824179803818969,-0.073145070535478557,0.0063341811860218797,0.11218807828005893,2227.9352943184513,2755.8673765278099,3231.5174647611025,2791,2791,2791
ETH-USD,pinball_avg,auto,78,41,3.9000000000000004,0,0,0,0,0.015448250679532654,0.14585572433726268,0.82538510710980617,-0.056399314984362348,0.0013108149428016577,0.089647246095581001,2331.7587827174311,2783.6961657457568,3124.6379267650636,2791,2791,2791
ETH-USD,pinball_avg,fixed,78,40,3.9000000000000004,0,0,0,0,9,9,9,-0.056399314984362348,0.0013108149428016577,0.089647246095581001,2331.7587827174311,2783.6961657457568,3124.6379267650636,2791,2791,2791
ETH-USD,pinball_avg,twice_auto,78,41,3.9000000000000004,0,0,0,0,0.030896501359065309,0.29171144867452536,1.6507702142196123,-0.056399314984362348,0.0013108149428016577,0.089647246095581001,2331.7587827174311,2783.6961657457568,3124.6379267650636,2791,2791,2791
ETH-USD,qlike,auto,78,68,3.9000000000000004,0,0,0,0,0.010624970699539405,0.30657178120630862,1.7622670567103795,-0.096475446617428434,0.071950869642602083,0.33194039623086569,1399.8782223258509,2416.3302531931249,3387.0280116377339,2791,2791,2791
ETH-USD,qlike,fixed,78,68,3.9000000000000004,0,0,0,0,9,9,9,-0.096475446617428434,0.071950869642602083,0.33194039623086569,1399.8782223258509,2416.3302531931249,3387.0280116377339,2791,2791,2791
ETH-USD,qlike,twice_auto,78,68,3.9000000000000004,0,0,0,0,0.02124994139907881,0.61314356241261725,3.5245341134207591,-0.096475446617428434,0.071950869642602083,0.33194039623086569,1399.8782223258509,2416.3302531931249,3387.0280116377339,2791,2791,2791
ETH-USD,qlike_ex_near_zero,auto,78,68,3.9000000000000004,0,0,0,0,0.010624970699539405,0.30657178120630862,1.7622670567103795,-0.096475446617428434,0.071950869642602083,0.33194039623086569,1399.8782223258509,2416.3302531931249,3387.0280116377339,2791,2791,2791
ETH-USD,qlike_ex_near_zero,fixed,78,68,3.9000000000000004,0,0,0,0,9,9,9,-0.096475446617428434,0.071950869642602083,0.33194039623086569,1399.8782223258509,2416.3302531931249,3387.0280116377339,2791,2791,2791
ETH-USD,qlike_ex_near_zero,twice_auto,78,68,3.9000000000000004,0,0,0,0,0.02124994139907881,0.61314356241261725,3.5245341134207591,-0.096475446617428434,0.071950869642602083,0.33194039623086569,1399.8782223258509,2416.3302531931249,3387.0280116377339,2791,2791,2791
HSI,crps,auto,78,56,3.9000000000000004,0,0,0,0,0.0069348888735093952,0.63070683208492961,2.7846808883322556,-0.10549205142354018,-0.0026745257087594284,0.11863077984787321,3803.9813239120381,4853.9586094255283,5966.7615394215072,4828,4828,4828
HSI,crps,fixed,78,55,3.9000000000000004,0,0,0,0,10,10,10,-0.10549205142354018,-0.0026745257087594284,0.11863077984787321,3803.9813239120381,4853.9586094255283,5966.7615394215072,4828,4828,4828
HSI,crps,twice_auto,78,56,3.9000000000000004,0,0,0,0,0.01386977774701879,1.2614136641698592,5.5693617766645112,-0.10549205142354018,-0.0026745257087594284,0.11863077984787321,3803.9813239120381,4853.9586094255283,5966.7615394215072,4828,4828,4828
HSI,fz0_0p01,auto,78,27,3.9000000000000004,0,0,0,0,0.0047901572042697493,0.19151396404160276,1.3907325377869149,-0.027598646744014878,0.017689401654249731,0.1568553267749577,3518.7653876121844,4660.1606937965771,5102.056110748802,4828,4828,4828
HSI,fz0_0p01,fixed,78,27,3.9000000000000004,0,0,0,0,10,10,10,-0.027598646744014878,0.017689401654249731,0.1568553267749577,3518.7653876121844,4660.1606937965771,5102.056110748802,4828,4828,4828
HSI,fz0_0p01,twice_auto,78,27,3.9000000000000004,0,0,0,0,0.0095803144085394986,0.38302792808320552,2.7814650755738297,-0.027598646744014878,0.017689401654249731,0.1568553267749577,3518.7653876121844,4660.1606937965771,5102.056110748802,4828,4828,4828
HSI,fz0_0p025,auto,78,32,3.9000000000000004,0,0,0,0,0.0095810198327842197,0.2191594112816298,1.2772393119599916,-0.039468107619921949,0.022744422816779093,0.14472423187321984,3607.2193577653024,4613.2639519381555,5224.7635538197874,4828,4828,4828
HSI,fz0_0p025,fixed,78,32,3.9000000000000004,0,0,0,0,10,10,10,-0.039468107619921949,0.022744422816779093,0.14472423187321984,3607.2193577653024,4613.2639519381555,5224.7635538197874,4828,4828,4828
HSI,fz0_0p025,twice_auto,78,32,3.9000000000000004,0,0,0,0,0.019162039665568439,0.4383188225632596,2.5544786239199833,-0.039468107619921949,0.022744422816779093,0.14472423187321984,3607.2193577653024,4613.2639519381555,5224.7635538197874,4828,4828,4828
HSI,fz0_0p05,auto,78,40,3.9000000000000004,0,0,0,0,0.010918797451419181,0.21598878939808291,0.96249577144385734,-0.039349020947920692,0.022336862936825026,0.12636471405394081,3744.7117331709851,4617.0283308902026,5223.5173674501857,4828,4828,4828
HSI,fz0_0p05,fixed,78,37,3.9000000000000004,0,0,0,0,10,10,10,-0.039349020947920692,0.022336862936825026,0.12636471405394081,3744.7117331709851,4617.0283308902026,5223.5173674501857,4828,4828,4828
HSI,fz0_0p05,twice_auto,78,40,3.9000000000000004,0,0,0,0,0.021837594902838361,0.43197757879616583,1.9249915428877147,-0.039349020947920692,0.022336862936825026,0.12636471405394081,3744.7117331709851,4617.0283308902026,5223.5173674501857,4828,4828,4828
HSI,fz0_avg,auto,78,31,3.9000000000000004,0,0,0,0,0.0064641964461154885,0.20292416816680714,1.3592695956107939,-0.035710314482332882,0.022120927263693267,0.15486261145842364,3533.1677304245522,4619.0276047214957,5185.5883905221854,4828,4828,4828
HSI,fz0_avg,fixed,78,28,3.9000000000000004,0,0,0,0,10,10,10,-0.035710314482332882,0.022120927263693267,0.15486261145842364,3533.1677304245522,4619.0276047214957,5185.5883905221854,4828,4828,4828
HSI,fz0_avg,twice_auto,78,31,3.9000000000000004,0,0,0,0,0.012928392892230977,0.40584833633361428,2.7185391912215877,-0.035710314482332882,0.022120927263693267,0.15486261145842364,3533.1677304245522,4619.0276047214957,5185.5883905221854,4828,4828,4828
HSI,log_score,auto,78,44,3.9000000000000004,0,0,0,0,0.0022068614135266435,0.63391951729526275,4.2289826501138101,-0.03141345755528905,0.058679700872192278,0.28977632719842794,2658.5694123679286,4292.8039597422139,5141.1659721270453,4828,4828,4828
HSI,log_score,fixed,78,41,3.9000000000000004,0,0,0,0,10,10,10,-0.03141345755528905,0.058679700872192278,0.28977632719842794,2658.5694123679286,4292.8039597422139,5141.1659721270453,4828,4828,4828
HSI,log_score,twice_auto,78,44,3.9000000000000004,0,0,0,0,0.0044137228270532871,1.2678390345905255,8.4579653002276203,-0.03141345755528905,0.058679700872192278,0.28977632719842794,2658.5694123679286,4292.8039597422139,5141.1659721270453,4828,4828,4828
HSI,pinball_0p01,auto,78,28,3.9000000000000004,0,0,0,0,0.00030659707878233133,0.29308822214318619,1.8870901896593244,-0.089942617637610411,0.047904392531438286,0.22565491197946036,3050.2371005272125,4386.5827630490239,5782.3199503027936,4828,4828,4828
HSI,pinball_0p01,fixed,78,29,3.9000000000000004,0,0,0,0,10,10,10,-0.089942617637610411,0.047904392531438286,0.22565491197946036,3050.2371005272125,4386.5827630490239,5782.3199503027936,4828,4828,4828
HSI,pinball_0p01,twice_auto,78,28,3.9000000000000004,0,0,0,0,0.00061319415756466266,0.58617644428637239,3.7741803793186488,-0.089942617637610411,0.047904392531438286,0.22565491197946036,3050.2371005272125,4386.5827630490239,5782.3199503027936,4828,4828,4828
HSI,pinball_0p025,auto,78,38,3.9000000000000004,0,0,0,0,0.025727389362698819,0.49394845970999812,1.6670409169368618,-0.11078847565250753,0.082507623661486063,0.20575705271682018,3180.2467510706515,4092.0310228006765,6031.0585430003475,4828,4828,4828
HSI,pinball_0p025,fixed,78,35,3.9000000000000004,0,0,0,0,10,10,10,-0.11078847565250753,0.082507623661486063,0.20575705271682018,3180.2467510706515,4092.0310228006765,6031.0585430003475,4828,4828,4828
HSI,pinball_0p025,twice_auto,78,38,3.9000000000000004,0,0,0,0,0.051454778725397637,0.98789691941999624,3.3340818338737237,-0.11078847565250753,0.082507623661486063,0.20575705271682018,3180.2467510706515,4092.0310228006765,6031.0585430003475,4828,4828,4828
HSI,pinball_0p05,auto,78,43,3.9000000000000004,0,0,0,0,0.0072394028010240256,0.47109062686954606,1.2989442939958999,-0.078900685700636158,0.080219502990942035,0.16323802407643356,3472.966612285989,4110.9304695579685,5655.1258150972108,4828,4828,4828
HSI,pinball_0p05,fixed,78,42,3.9000000000000004,0,0,0,0,10,10,10,-0.078900685700636158,0.080219502990942035,0.16323802407643356,3472.966612285989,4110.9304695579685,5655.1258150972108,4828,4828,4828
HSI,pinball_0p05,twice_auto,78,43,3.9000000000000004,0,0,0,0,0.014478805602048051,0.94218125373909212,2.5978885879917999,-0.078900685700636158,0.080219502990942035,0.16323802407643356,3472.966612285989,4110.9304695579685,5655.1258150972108,4828,4828,4828
HSI,pinball_avg,auto,78,38,3.9000000000000004,0,0,0,0,0.004349476434846484,0.49851111079046773,1.632434560321385,-0.1114469979082254,0.080671245337850084,0.20389934839796603,3192.6040586775625,4107.216819965186,6039.1063822512133,4828,4828,4828
HSI,pinball_avg,fixed,78,38,3.9000000000000004,0,0,0,0,10,10,10,-0.1114469979082254,0.080671245337850084,0.20389934839796603,3192.6040586775625,4107.216819965186,6039.1063822512133,4828,4828,4828
HSI,pinball_avg,twice_auto,78,38,3.9000000000000004,0,0,0,0,0.0086989528696929681,0.99702222158093545,3.26486912064277,-0.1114469979082254,0.080671245337850084,0.20389934839796603,3192.6040586775625,4107.216819965186,6039.1063822512133,4828,4828,4828
HSI,qlike,auto,78,55,3.9000000000000004,0,0,0,0,0.035968248304626693,2.0156614989765496,5.70297659584031,-0.11448009276703504,0.26927564129210413,0.37982612862577714,2164.1401976065595,2772.0067036770733,6059.9672608619449,4815,4815,4815
HSI,qlike,fixed,78,55,3.9000000000000004,0,0,0,0,10,10,10,-0.11448009276703504,0.26927564129210413,0.37982612862577714,2164.1401976065595,2772.0067036770733,6059.9672608619449,4815,4815,4815
HSI,qlike,twice_auto,78,55,3.9000000000000004,0,0,0,0,0.071936496609253386,4.0313229979530991,11.40595319168062,-0.11448009276703504,0.26927564129210413,0.37982612862577714,2164.1401976065595,2772.0067036770733,6059.9672608619449,4815,4815,4815
HSI,qlike_ex_near_zero,auto,78,55,3.9000000000000004,0,0,0,0,0.035968248304626693,2.0156614989765496,5.70297659584031,-0.11448009276703504,0.26927564129210413,0.37982612862577714,2164.1401976065595,2772.0067036770733,6059.9672608619449,4815,4815,4815
HSI,qlike_ex_near_zero,fixed,78,55,3.9000000000000004,0,0,0,0,10,10,10,-0.11448009276703504,0.26927564129210413,0.37982612862577714,2164.1401976065595,2772.0067036770733,6059.9672608619449,4815,4815,4815
HSI,qlike_ex_near_zero,twice_auto,78,55,3.9000000000000004,0,0,0,0,0.071936496609253386,4.0313229979530991,11.40595319168062,-0.11448009276703504,0.26927564129210413,0.37982612862577714,2164.1401976065595,2772.0067036770733,6059.9672608619449,4815,4815,4815
KOSPI,crps,auto,78,55,3.9000000000000004,0,0,0,0,0.023381977279967055,0.55708877634484466,2.2700678698041608,-0.090278501543765877,0.046843639569377198,0.21035609921629794,3155.6890989055923,4404.1745344641249,5797.0237274995079,4837,4837,4837
KOSPI,crps,fixed,78,55,3.9000000000000004,0,0,0,0,10,10,10,-0.090278501543765877,0.046843639569377198,0.21035609921629794,3155.6890989055923,4404.1745344641249,5797.0237274995079,4837,4837,4837
KOSPI,crps,twice_auto,78,55,3.9000000000000004,0,0,0,0,0.046763954559934109,1.1141775526896893,4.5401357396083215,-0.090278501543765877,0.046843639569377198,0.21035609921629794,3155.6890989055923,4404.1745344641249,5797.0237274995079,4837,4837,4837
KOSPI,fz0_0p01,auto,78,44,3.9000000000000004,0,0,0,0,0.010568742506458902,0.32511512843716883,2.4561939706288043,-0.12912812603804066,0.027659469893321048,0.21331437871602926,3136.2014799308299,4576.6447199136674,6271.4078947100897,4837,4837,4837
KOSPI,fz0_0p01,fixed,78,43,3.9000000000000004,0,0,0,0,10,10,10,-0.12912812603804066,0.027659469893321048,0.21331437871602926,3136.2014799308299,4576.6447199136674,6271.4078947100897,4837,4837,4837
KOSPI,fz0_0p01,twice_auto,78,44,3.9000000000000004,0,0,0,0,0.021137485012917803,0.65023025687433766,4.9123879412576086,-0.12912812603804066,0.027659469893321048,0.21331437871602926,3136.2014799308299,4576.6447199136674,6271.4078947100897,4837,4837,4837
KOSPI,fz0_0p025,auto,78,43,3.9000000000000004,0,0,0,0,0.0068556273407560401,0.38212619529429309,2.778862419158612,-0.10227495510182454,0.031173304017831797,0.22687994354582544,3048.0420946983754,4544.5707580952494,5939.1280082113271,4837,4837,4837
KOSPI,fz0_0p025,fixed,78,43,3.9000000000000004,0,0,0,0,10,10,10,-0.10227495510182454,0.031173304017831797,0.22687994354582544,3048.0420946983754,4544.5707580952494,5939.1280082113271,4837,4837,4837
KOSPI,fz0_0p025,twice_auto,78,43,3.9000000000000004,0,0,0,0,0.01371125468151208,0.76425239058858618,5.557724838317224,-0.10227495510182454,0.031173304017831797,0.22687994354582544,3048.0420946983754,4544.5707580952494,5939.1280082113271,4837,4837,4837
KOSPI,fz0_0p05,auto,78,48,3.9000000000000004,0,0,0,0,0.014767062928968237,0.37707545889293281,2.9233384690062336,-0.080465242446772889,0.038769986768220376,0.21771325195799091,3107.3990483350153,4475.939627094951,5683.5376094117055,4837,4837,4837
KOSPI,fz0_0p05,fixed,78,48,3.9000000000000004,0,0,0,0,10,10,10,-0.080465242446772889,0.038769986768220376,0.21771325195799091,3107.3990483350153,4475.939627094951,5683.5376094117055,4837,4837,4837
KOSPI,fz0_0p05,twice_auto,78,48,3.9000000000000004,0,0,0,0,0.029534125857936473,0.75415091778586563,5.8466769380124672,-0.080465242446772889,0.038769986768220376,0.21771325195799091,3107.3990483350153,4475.939627094951,5683.5376094117055,4837,4837,4837
KOSPI,fz0_avg,auto,78,42,3.9000000000000004,0,0,0,0,0.0070230571703457602,0.36980126223354104,2.6566081876267407,-0.11772024763379531,0.029467793987408127,0.22055247834486014,3088.9189355942353,4560.0924124736994,6127.7761654453652,4837,4837,4837
KOSPI,fz0_avg,fixed,78,41,3.9000000000000004,0,0,0,0,10,10,10,-0.11772024763379531,0.029467793987408127,0.22055247834486014,3088.9189355942353,4560.0924124736994,6127.7761654453652,4837,4837,4837
KOSPI,fz0_avg,twice_auto,78,42,3.9000000000000004,0,0,0,0,0.01404611434069152,0.73960252446708208,5.3132163752534813,-0.11772024763379531,0.029467793987408127,0.22055247834486014,3088.9189355942353,4560.0924124736994,6127.7761654453652,4837,4837,4837
KOSPI,log_score,auto,78,49,3.9000000000000004,0,0,0,0,0.0089531171335448714,0.40722297399816787,4.9127434742529932,-0.13382433352366055,0.070158849855720407,0.36374297590322502,2256.7120637360435,4202.9266265413798,6331.6351561392612,4837,4837,4837
KOSPI,log_score,fixed,78,48,3.9000000000000004,0,0,0,0,10,10,10,-0.13382433352366055,0.070158849855720407,0.36374297590322502,2256.7120637360435,4202.9266265413798,6331.6351561392612,4837,4837,4837
KOSPI,log_score,twice_auto,78,49,3.9000000000000004,0,0,0,0,0.017906234267089743,0.81444594799633574,9.8254869485059864,-0.13382433352366055,0.070158849855720407,0.36374297590322502,2256.7120637360435,4202.9266265413798,6331.6351561392612,4837,4837,4837
KOSPI,pinball_0p01,auto,78,41,3.9000000000000004,0,0,0,0,0.0030947301041616081,0.34968015026491622,2.7957890685984736,-0.16874742865463446,0.009156889561556884,0.19335981179312853,3269.5240377618888,4749.228260715543,6800.8587368972894,4837,4837,4837
KOSPI,pinball_0p01,fixed,78,40,3.9000000000000004,0,0,0,0,10,10,10,-0.16874742865463446,0.009156889561556884,0.19335981179312853,3269.5240377618888,4749.228260715543,6800.8587368972894,4837,4837,4837
KOSPI,pinball_0p01,twice_auto,78,41,3.9000000000000004,0,0,0,0,0.0061894602083232162,0.69936030052983245,5.5915781371969473,-0.16874742865463446,0.009156889561556884,0.19335981179312853,3269.5240377618888,4749.228260715543,6800.8587368972894,4837,4837,4837
KOSPI,pinball_0p025,auto,78,46,3.9000000000000004,0,0,0,0,0.019396682537110237,0.20968656523168688,2.8652464174035104,-0.11747697765985013,0.018023326520416869,0.20013159474045814,3223.7827028269435,4665.7292167634587,6124.7536937992318,4837,4837,4837
KOSPI,pinball_0p025,fixed,78,45,3.9000000000000004,0,0,0,0,10,10,10,-0.11747697765985013,0.018023326520416869,0.20013159474045814,3223.7827028269435,4665.7292167634587,6124.7536937992318,4837,4837,4837
KOSPI,pinball_0p025,twice_auto,78,46,3.9000000000000004,0,0,0,0,0.038793365074220473,0.41937313046337377,5.7304928348070208,-0.11747697765985013,0.018023326520416869,0.20013159474045814,3223.7827028269435,4665.7292167634587,6124.7536937992318,4837,4837,4837
KOSPI,pinball_0p05,auto,78,49,3.9000000000000004,0,0,0,0,0.011634183346714703,0.27808193733879694,2.5475945320312308,-0.060098805667607773,0.053508614285894124,0.18368993368837361,3335.748390159787,4345.7659878786862,5455.5712386942969,4837,4837,4837
KOSPI,pinball_0p05,fixed,78,50,3.9000000000000004,0,0,0,0,10,10,10,-0.060098805667607773,0.053508614285894124,0.18368993368837361,3335.748390159787,4345.7659878786862,5455.5712386942969,4837,4837,4837
KOSPI,pinball_0p05,twice_auto,78,49,3.9000000000000004,0,0,0,0,0.023268366693429406,0.55616387467759387,5.0951890640624615,-0.060098805667607773,0.053508614285894124,0.18368993368837361,3335.748390159787,4345.7659878786862,5455.5712386942969,4837,4837,4837
KOSPI,pinball_avg,auto,78,46,3.9000000000000004,0,0,0,0,0.013360229877457179,0.25252244122037115,3.069338448344928,-0.12193615624649143,0.033373168604473417,0.19964336522513479,3227.0632711576732,4524.726258314151,6180.4221029828668,4837,4837,4837
KOSPI,pinball_avg,fixed,78,45,3.9000000000000004,0,0,0,0,10,10,10,-0.12193615624649143,0.033373168604473417,0.19964336522513479,3227.0632711576732,4524.726258314151,6180.4221029828668,4837,4837,4837
KOSPI,pinball_avg,twice_auto,78,46,3.9000000000000004,0,0,0,0,0.026720459754914359,0.5050448824407423,6.1386768966898559,-0.12193615624649143,0.033373168604473417,0.19964336522513479,3227.0632711576732,4524.726258314151,6180.4221029828668,4837,4837,4837
KOSPI,qlike,auto,78,36,3.9000000000000004,0,0,0,0,0.025227061403009548,1.6661138369396675,8.0026702137545165,-0.0081312615961113381,0.19361050678132508,0.49141422881526658,1649.4608457468769,3267.8244654527957,4916.3066881081095,4837,4837,4837
KOSPI,qlike,fixed,78,36,3.9000000000000004,0,0,0,0,10,10,10,-0.0081312615961113381,0.19361050678132508,0.49141422881526658,1649.4608457468769,3267.8244654527957,4916.3066881081095,4837,4837,4837
KOSPI,qlike,twice_auto,78,35,3.9000000000000004,0,0,0,0,0.050454122806019096,3.3322276738793351,16.005340427509033,-0.0081312615961113381,0.19361050678132508,0.49141422881526658,1649.4608457468769,3267.8244654527957,4916.3066881081095,4837,4837,4837
KOSPI,qlike_ex_near_zero,auto,78,36,3.9000000000000004,0,0,0,0,0.025227061403009548,1.6661138369396675,8.0026702137545165,-0.0081312615961113381,0.19361050678132508,0.49141422881526658,1649.4608457468769,3267.8244654527957,4916.3066881081095,4837,4837,4837
KOSPI,qlike_ex_near_zero,fixed,78,36,3.9000000000000004,0,0,0,0,10,10,10,-0.0081312615961113381,0.19361050678132508,0.49141422881526658,1649.4608457468769,3267.8244654527957,4916.3066881081095,4837,4837,4837
KOSPI,qlike_ex_near_zero,twice_auto,78,35,3.9000000000000004,0,0,0,0,0.050454122806019096,3.3322276738793351,16.005340427509033,-0.0081312615961113381,0.19361050678132508,0.49141422881526658,1649.4608457468769,3267.8244654527957,4916.3066881081095,4837,4837,4837
NDX,crps,auto,78,68,3.9000000000000004,0,0,0,0,0.025195264269229519,0.61662714458271761,4.681537205986908,-0.10736625629453578,0.037043504110632994,0.23184766978061713,3081.7193627685042,4588.9450230691618,6130.8505052586834,4942,4942,4942
NDX,crps,fixed,78,67,3.9000000000000004,0,0,0,0,10,10,10,-0.10736625629453578,0.037043504110632994,0.23184766978061713,3081.7193627685042,4588.9450230691618,6130.8505052586834,4942,4942,4942
NDX,crps,twice_auto,78,68,3.9000000000000004,0,0,0,0,0.050390528538459038,1.2332542891654352,9.3630744119738161,-0.10736625629453578,0.037043504110632994,0.23184766978061713,3081.7193627685042,4588.9450230691618,6130.8505052586834,4942,4942,4942
NDX,fz0_0p01,auto,78,45,3.9000000000000004,0,0,0,0,0.016400722071617444,0.17999529338133613,1.6764623014518025,-0.01971461359679005,0.021009975076517272,0.12349492518208914,3855.5475264368124,4738.6186416253249,5140.7780737052872,4942,4942,4942
NDX,fz0_0p01,fixed,78,44,3.9000000000000004,0,0,0,0,10,10,10,-0.01971461359679005,0.021009975076517272,0.12349492518208914,3855.5475264368124,4738.6186416253249,5140.7780737052872,4942,4942,4942
NDX,fz0_0p01,twice_auto,78,45,3.9000000000000004,0,0,0,0,0.032801444143234888,0.35999058676267226,3.3529246029036051,-0.01971461359679005,0.021009975076517272,0.12349492518208914,3855.5475264368124,4738.6186416253249,5140.7780737052872,4942,4942,4942
NDX,fz0_0p025,auto,78,44,3.9000000000000004,0,0,0,0,0.0099359105990842207,0.25259417161012687,1.4975406448186617,-0.029837880681959212,0.015232379992498442,0.14712058321004745,3674.3565929059405,4793.7170443643117,5245.9879694208148,4942,4942,4942
NDX,fz0_0p025,fixed,78,45,3.9000000000000004,0,0,0,0,10,10,10,-0.029837880681959212,0.015232379992498442,0.14712058321004745,3674.3565929059405,4793.7170443643117,5245.9879694208148,4942,4942,4942
NDX,fz0_0p025,twice_auto,78,44,3.9000000000000004,0,0,0,0,0.019871821198168441,0.50518834322025374,2.9950812896373233,-0.029837880681959212,0.015232379992498442,0.14712058321004745,3674.3565929059405,4793.7170443643117,5245.9879694208148,4942,4942,4942
NDX,fz0_0p05,auto,78,51,3.9000000000000004,0,0,0,0,0.0056291760361479141,0.19421734371728572,1.8973716788402499,-0.030490151438633786,0.0055908850170371021,0.20845934476054712,3237.0091183899008,4887.0469501697662,5252.8422851677524,4942,4942,4942
NDX,fz0_0p05,fixed,78,52,3.9000000000000004,0,0,0,0,10,10,10,-0.030490151438633786,0.0055908850170371021,0.20845934476054712,3237.0091183899008,4887.0469501697662,5252.8422851677524,4942,4942,4942
NDX,fz0_0p05,twice_auto,78,51,3.9000000000000004,0,0,0,0,0.011258352072295828,0.38843468743457144,3.7947433576804999,-0.030490151438633786,0.0055908850170371021,0.20845934476054712,3237.0091183899008,4887.0469501697662,5252.8422851677524,4942,4942,4942
NDX,fz0_avg,auto,78,43,3.9000000000000004,0,0,0,0,0.0072092636939619205,0.20926747706176474,1.5881131443720637,-0.025813049851333075,0.017520571263214855,0.10950519586772925,3966.4756311301949,4771.808528505725,5203.896532992605,4942,4942,4942
NDX,fz0_avg,fixed,78,44,3.9000000000000004,0,0,0,0,10,10,10,-0.025813049851333075,0.017520571263214855,0.10950519586772925,3966.4756311301949,4771.808528505725,5203.896532992605,4942,4942,4942
NDX,fz0_avg,twice_auto,78,43,3.9000000000000004,0,0,0,0,0.014418527387923841,0.41853495412352948,3.1762262887441275,-0.025813049851333075,0.017520571263214855,0.10950519586772925,3966.4756311301949,4771.808528505725,5203.896532992605,4942,4942,4942
NDX,log_score,auto,78,56,3.9000000000000004,0,0,0,0,0.0082028683267304607,0.23469376827004146,4.960883842274705,-0.043537782306574825,0.032370970345807534,0.32405010469439738,2522.9742973898378,4632.1110504159369,5391.9157754040198,4942,4942,4942
NDX,log_score,fixed,78,56,3.9000000000000004,0,0,0,0,10,10,10,-0.043537782306574825,0.032370970345807534,0.32405010469439738,2522.9742973898378,4632.1110504159369,5391.9157754040198,4942,4942,4942
NDX,log_score,twice_auto,78,56,3.9000000000000004,0,0,0,0,0.016405736653460921,0.46938753654008292,9.92176768454941,-0.043537782306574825,0.032370970345807534,0.32405010469439738,2522.9742973898378,4632.1110504159369,5391.9157754040198,4942,4942,4942
NDX,pinball_0p01,auto,78,46,3.9000000000000004,0,0,0,0,0.0056803387792996891,0.31182585897829074,1.9429094209473703,-0.028919035102688537,0.0059757994157951643,0.12391747365897024,3852.2399968408158,4883.2891222181497,5236.3480031916797,4942,4942,4942
NDX,pinball_0p01,fixed,78,42,3.9000000000000004,0,0,0,0,10,10,10,-0.028919035102688537,0.0059757994157951643,0.12391747365897024,3852.2399968408158,4883.2891222181497,5236.3480031916797,4942,4942,4942
NDX,pinball_0p01,twice_auto,78,46,3.9000000000000004,0,0,0,0,0.011360677558599378,0.62365171795658148,3.8858188418947406,-0.028919035102688537,0.0059757994157951643,0.12391747365897024,3852.2399968408158,4883.2891222181497,5236.3480031916797,4942,4942,4942
NDX,pinball_0p025,auto,78,46,3.9000000000000004,0,0,0,0,0.013789319797509759,0.40184614777082645,1.5604595037007611,-0.045898733335876095,-0.0048027965634471412,0.18413882883988031,3404.9942537764027,4989.7000066078217,5417.4873472477047,4942,4942,4942
NDX,pinball_0p025,fixed,78,45,3.9000000000000004,0,0,0,0,10,10,10,-0.045898733335876095,-0.0048027965634471412,0.18413882883988031,3404.9942537764027,4989.7000066078217,5417.4873472477047,4942,4942,4942
NDX,pinball_0p025,twice_auto,78,46,3.9000000000000004,0,0,0,0,0.027578639595019518,0.80369229554165289,3.1209190074015223,-0.045898733335876095,-0.0048027965634471412,0.18413882883988031,3404.9942537764027,4989.7000066078217,5417.4873472477047,4942,4942,4942
NDX,pinball_0p05,auto,78,52,3.9000000000000004,0,0,0,0,0.0047780756333481418,0.32008895175770558,1.7712503937856545,-0.066769675791448976,-0.0066556940312340242,0.13145844877345467,3793.6279063669053,5008.2291168269039,5649.1689146860608,4942,4942,4942
NDX,pinball_0p05,fixed,78,51,3.9000000000000004,0,0,0,0,10,10,10,-0.066769675791448976,-0.0066556940312340242,0.13145844877345467,3793.6279063669053,5008.2291168269039,5649.1689146860608,4942,4942,4942
NDX,pinball_0p05,twice_auto,78,52,3.9000000000000004,0,0,0,0,0.0095561512666962837,0.64017790351541115,3.542500787571309,-0.066769675791448976,-0.0066556940312340242,0.13145844877345467,3793.6279063669053,5008.2291168269039,5649.1689146860608,4942,4942,4942
NDX,pinball_avg,auto,78,53,3.9000000000000004,0,0,0,0,0.003363245833075801,0.38019612980263096,1.4938393190429367,-0.046220016906570488,-0.0065873833398246966,0.16782390360654828,3521.6048033231727,5007.5617784008255,5420.976970792427,4942,4942,4942
NDX,pinball_avg,fixed,78,50,3.9000000000000004,0,0,0,0,10,10,10,-0.046220016906570488,-0.0065873833398246966,0.16782390360654828,3521.6048033231727,5007.5617784008255,5420.976970792427,4942,4942,4942
NDX,pinball_avg,twice_auto,78,53,3.9000000000000004,0,0,0,0,0.006726491666151602,0.76039225960526191,2.9876786380858733,-0.046220016906570488,-0.0065873833398246966,0.16782390360654828,3521.6048033231727,5007.5617784008255,5420.976970792427,4942,4942,4942
NDX,qlike,auto,78,49,3.9000000000000004,0,0,0,0,0.017969520975972233,1.4574365548682191,5.0157698439213361,0.022561906619675439,0.13027081082322567,0.35071501074185785,2375.6058024048884,3802.8219414159948,4723.918450525839,4942,4942,4942
NDX,qlike,fixed,78,49,3.9000000000000004,0,0,0,0,10,10,10,0.022561906619675439,0.13027081082322567,0.35071501074185785,2375.6058024048884,3802.8219414159948,4723.918450525839,4942,4942,4942
NDX,qlike,twice_auto,78,49,3.9000000000000004,0,0,0,0,0.035939041951944466,2.9148731097364382,10.031539687842672,0.022561906619675439,0.13027081082322567,0.35071501074185785,2375.6058024048884,3802.8219414159948,4723.918450525839,4942,4942,4942
NDX,qlike_ex_near_zero,auto,78,49,3.9000000000000004,0,0,0,0,0.017969520975972233,1.4574365548682191,5.0157698439213361,0.022561906619675439,0.13027081082322567,0.35071501074185785,2375.6058024048884,3802.8219414159948,4723.918450525839,4942,4942,4942
NDX,qlike_ex_near_zero,fixed,78,49,3.9000000000000004,0,0,0,0,10,10,10,0.022561906619675439,0.13027081082322567,0.35071501074185785,2375.6058024048884,3802.8219414159948,4723.918450525839,4942,4942,4942
NDX,qlike_ex_near_zero,twice_auto,78,49,3.9000000000000004,0,0,0,0,0.035939041951944466,2.9148731097364382,10.031539687842672,0.022561906619675439,0.13027081082322567,0.35071501074185785,2375.6058024048884,3802.8219414159948,4723.918450525839,4942,4942,4942
NKX,crps,auto,78,42,3.9000000000000004,0,0,0,0,0.05370170183393403,2.8062530841505833,14.347326337311122,-0.0021586528516909782,0.15703193997582879,0.92623259074369158,182.82611013950824,3478.1585000112086,4794.65540527745,4774,4774,4795
NKX,crps,fixed,78,39,3.9000000000000004,0,0,0,0,10,10,10,-0.0021586528516909782,0.15703193997582879,0.92623259074369158,182.82611013950824,3478.1585000112086,4794.65540527745,4774,4774,4795
NKX,crps,twice_auto,78,39,3.9000000000000004,0,0,0,0,0.10740340366786806,5.6125061683011666,28.694652674622244,-0.0021586528516909782,0.15703193997582879,0.92623259074369158,182.82611013950824,3478.1585000112086,4794.65540527745,4774,4774,4795
NKX,fz0_0p01,auto,78,49,3.9000000000000004,0,0,0,0,0.0083968526950658588,0.75218831380973927,1.9884893915226958,0.0054666270136693347,0.087594876870466243,0.20566954876788335,3145.2511826789032,4013.8280060605639,4722.0884264835913,4774,4774,4795
NKX,fz0_0p01,fixed,78,49,3.9000000000000004,0,0,0,0,10,10,10,0.0054666270136693347,0.087594876870466243,0.20566954876788335,3145.2511826789032,4013.8280060605639,4722.0884264835913,4774,4774,4795
NKX,fz0_0p01,twice_auto,78,49,3.9000000000000004,0,0,0,0,0.016793705390131718,1.5043766276194785,3.9769787830453915,0.0054666270136693347,0.087594876870466243,0.20566954876788335,3145.2511826789032,4013.8280060605639,4722.0884264835913,4774,4774,4795
NKX,fz0_0p025,auto,78,50,3.9000000000000004,0,0,0,0,0.00094481447868001445,0.92749998805744727,2.270422339966816,-0.0060377660284835375,0.086117947205519768,0.19478330468089153,3217.40728079568,4025.8720101960384,4831.9987730616467,4774,4774,4795
NKX,fz0_0p025,fixed,78,47,3.9000000000000004,0,0,0,0,10,10,10,-0.0060377660284835375,0.086117947205519768,0.19478330468089153,3217.40728079568,4025.8720101960384,4831.9987730616467,4774,4774,4795
NKX,fz0_0p025,twice_auto,78,50,3.9000000000000004,0,0,0,0,0.0018896289573600289,1.8549999761148945,4.5408446799336319,-0.0060377660284835375,0.086117947205519768,0.19478330468089153,3217.40728079568,4025.8720101960384,4831.9987730616467,4774,4774,4795
NKX,fz0_0p05,auto,78,58,3.9000000000000004,0,0,0,0,0.0069910118532662859,1.003089201403109,2.3111888555243456,-0.00349366272366025,0.081642336119400694,0.1784873417151015,3327.9113757339123,4055.562800725444,4807.4744400890422,4774,4774,4795
NKX,fz0_0p05,fixed,78,56,3.9000000000000004,0,0,0,0,10,10,10,-0.00349366272366025,0.081642336119400694,0.1784873417151015,3327.9113757339123,4055.562800725444,4807.4744400890422,4774,4774,4795
NKX,fz0_0p05,twice_auto,78,58,3.9000000000000004,0,0,0,0,0.013982023706532572,2.006178402806218,4.6223777110486912,-0.00349366272366025,0.081642336119400694,0.1784873417151015,3327.9113757339123,4055.562800725444,4807.4744400890422,4774,4774,4795
NKX,fz0_avg,auto,78,47,3.9000000000000004,0,0,0,0,0.0068297336879827829,0.92909611649220314,2.1671730072855033,-0.00092948170348356905,0.088862608129604975,0.20139602885227578,3173.4209758471129,3994.7907547101813,4782.8829478423531,4774,4774,4795
NKX,fz0_avg,fixed,78,47,3.9000000000000004,0,0,0,0,10,10,10,-0.00092948170348356905,0.088862608129604975,0.20139602885227578,3173.4209758471129,3994.7907547101813,4782.8829478423531,4774,4774,4795
NKX,fz0_avg,twice_auto,78,47,3.9000000000000004,0,0,0,0,0.013659467375965566,1.8581922329844063,4.3343460145710067,-0.00092948170348356905,0.088862608129604975,0.20139602885227578,3173.4209758471129,3994.7907547101813,4782.8829478423531,4774,4774,4795
NKX,log_score,auto,78,65,3.9000000000000004,0,0,0,0,0.046347817702653199,1.1976710076673078,4.8137705769955792,0.025602554593892227,0.28889099781088445,0.41824219041242167,1958.2775084158673,2633.9223664849242,4555.6007342165321,4774,4774,4795
NKX,log_score,fixed,78,64,3.9000000000000004,0,0,0,0,10,10,10,0.025602554593892227,0.28889099781088445,0.41824219041242167,1958.2775084158673,2633.9223664849242,4555.6007342165321,4774,4774,4795
NKX,log_score,twice_auto,78,65,3.9000000000000004,0,0,0,0,0.092695635405306398,2.3953420153346157,9.6275411539911584,0.025602554593892227,0.28889099781088445,0.41824219041242167,1958.2775084158673,2633.9223664849242,4555.6007342165321,4774,4774,4795
NKX,pinball_0p01,auto,78,53,3.9000000000000004,0,0,0,0,0.015546653903159803,0.76745895333107306,4.7081398541896471,-0.10340132035286911,0.053311400785745242,0.28232302988761432,2671.8617504801491,4294.0050141876382,5875.1345757477029,4774,4774,4795
NKX,pinball_0p01,fixed,78,49,3.9000000000000004,0,0,0,0,10,10,10,-0.10340132035286911,0.053311400785745242,0.28232302988761432,2671.8617504801491,4294.0050141876382,5875.1345757477029,4774,4774,4795
NKX,pinball_0p01,twice_auto,78,52,3.9000000000000004,0,0,0,0,0.031093307806319605,1.5349179066621461,9.4162797083792942,-0.10340132035286911,0.053311400785745242,0.28232302988761432,2671.8617504801491,4294.0050141876382,5875.1345757477029,4774,4774,4795
NKX,pinball_0p025,auto,78,58,3.9000000000000004,0,0,0,0,0.0018019956311405541,0.77697088500359701,10.37088975297883,-0.086068503434663407,0.055477628074940291,0.57219247772720638,1299.047756724281,4281.5369440081613,5673.1725024058369,4774,4774,4795
NKX,pinball_0p025,fixed,78,56,3.9000000000000004,0,0,0,0,10,10,10,-0.086068503434663407,0.055477628074940291,0.57219247772720638,1299.047756724281,4281.5369440081613,5673.1725024058369,4774,4774,4795
NKX,pinball_0p025,twice_auto,78,57,3.9000000000000004,0,0,0,0,0.0036039912622811083,1.553941770007194,20.741779505957659,-0.086068503434663407,0.055477628074940291,0.57219247772720638,1299.047756724281,4281.5369440081613,5673.1725024058369,4774,4774,4795
NKX,pinball_0p05,auto,78,59,3.9000000000000004,0,0,0,0,0.040675524247647532,0.45488533439595924,12.500042070344225,-0.082563484684273505,0.035370709885707258,0.7586577218019418,655.14057785900764,4457.0583665280074,5633.2596202628292,4774,4774,4795
NKX,pinball_0p05,fixed,78,53,3.9000000000000004,0,0,0,0,10,10,10,-0.082563484684273505,0.035370709885707258,0.7586577218019418,655.14057785900764,4457.0583665280074,5633.2596202628292,4774,4774,4795
NKX,pinball_0p05,twice_auto,78,57,3.9000000000000004,0,0,0,0,0.081351048495295064,0.90977066879191848,25.00008414068845,-0.082563484684273505,0.035370709885707258,0.7586577218019418,655.14057785900764,4457.0583665280074,5633.2596202628292,4774,4774,4795
NKX,pinball_avg,auto,78,57,3.9000000000000004,0,0,0,0,0.024406424763813224,0.76716471789375651,11.452728966657801,-0.096807738990521461,0.053652566863033366,0.63368419715220881,1070.4588107320853,4291.9857866056827,5797.3926172578213,4774,4774,4795
NKX,pinball_avg,fixed,78,57,3.9000000000000004,0,0,0,0,10,10,10,-0.096807738990521461,0.053652566863033366,0.63368419715220881,1070.4588107320853,4291.9857866056827,5797.3926172578213,4774,4774,4795
NKX,pinball_avg,twice_auto,78,56,3.9000000000000004,0,0,0,0,0.048812849527626448,1.534329435787513,22.905457933315603,-0.096807738990521461,0.053652566863033366,0.63368419715220881,1070.4588107320853,4291.9857866056827,5797.3926172578213,4774,4774,4795
NKX,qlike,auto,78,58,3.9000000000000004,0,0,0,0,0.13690416363652311,3.1409826666569778,10.066013292806385,0.0084028521554515567,0.20422128681043614,0.74804515016379569,687.95734375368897,3154.1235414452794,4693.4547800469973,4773,4773,4794
NKX,qlike,fixed,78,56,3.9000000000000004,0,0,0,0,10,10,10,0.0084028521554515567,0.20422128681043614,0.74804515016379569,687.95734375368897,3154.1235414452794,4693.4547800469973,4773,4773,4794
NKX,qlike,twice_auto,78,56,3.9000000000000004,0,0,0,0,0.27380832727304621,6.2819653333139556,20.13202658561277,0.0084028521554515567,0.20422128681043614,0.74804515016379569,687.95734375368897,3154.1235414452794,4693.4547800469973,4773,4773,4794
NKX,qlike_ex_near_zero,auto,78,58,3.9000000000000004,0,0,0,0,0.099784923186705204,3.1414616225796115,10.065143610481089,0.0085977894457729617,0.20422290431262302,0.74804488110513301,687.81404891971613,3153.4521343819442,4690.6421948083507,4772,4772,4793
NKX,qlike_ex_near_zero,fixed,78,56,3.9000000000000004,0,0,0,0,10,10,10,0.0085977894457729617,0.20422290431262302,0.74804488110513301,687.81404891971613,3153.4521343819442,4690.6421948083507,4772,4772,4793
NKX,qlike_ex_near_zero,twice_auto,78,56,3.9000000000000004,0,0,0,0,0.19956984637341041,6.282923245159223,20.130287220962177,0.0085977894457729617,0.20422290431262302,0.74804488110513301,687.81404891971613,3153.4521343819442,4690.6421948083507,4772,4772,4793
SPY,crps,auto,78,65,3.9000000000000004,0,0,0,0,0.02506999299399193,1.3279550712922004,5.5245849102933144,-0.14258474409792357,0.024206713541373132,0.22863826916259364,3078.8215074928971,4672.1945357132599,6535.0313590596415,4904,4904,4904
SPY,crps,fixed,78,65,3.9000000000000004,0,0,0,0,10,10,10,-0.14258474409792357,0.024206713541373132,0.22863826916259364,3078.8215074928971,4672.1945357132599,6535.0313590596415,4904,4904,4904
SPY,crps,twice_auto,78,65,3.9000000000000004,0,0,0,0,0.050139985987983859,2.6559101425844007,11.049169820586629,-0.14258474409792357,0.024206713541373132,0.22863826916259364,3078.8215074928971,4672.1945357132599,6535.0313590596415,4904,4904,4904
SPY,fz0_0p01,auto,78,45,3.9000000000000004,0,0,0,0,0.0047716304676045313,0.28439103271375388,2.487816170858546,-0.05938039908166845,0.017761739136189787,0.091034764573061325,4085.631053450456,4732.8487279070605,5523.1694853311592,4904,4904,4904
SPY,fz0_0p01,fixed,78,45,3.9000000000000004,0,0,0,0,10,10,10,-0.05938039908166845,0.017761739136189787,0.091034764573061325,4085.631053450456,4732.8487279070605,5523.1694853311592,4904,4904,4904
SPY,fz0_0p01,twice_auto,78,45,3.9000000000000004,0,0,0,0,0.0095432609352090626,0.56878206542750775,4.975632341717092,-0.05938039908166845,0.017761739136189787,0.091034764573061325,4085.631053450456,4732.8487279070605,5523.1694853311592,4904,4904,4904
SPY,fz0_0p025,auto,78,48,3.9000000000000004,0,0,0,0,0.0060421611191423339,0.25244001006318006,2.1371184603493165,-0.063545571604631992,0.005775261253423215,0.072432409516666824,4241.5647115517095,4847.6824842333881,5569.5475668647214,4904,4904,4904
SPY,fz0_0p025,fixed,78,47,3.9000000000000004,0,0,0,0,10,10,10,-0.063545571604631992,0.005775261253423215,0.072432409516666824,4241.5647115517095,4847.6824842333881,5569.5475668647214,4904,4904,4904
SPY,fz0_0p025,twice_auto,78,48,3.9000000000000004,0,0,0,0,0.012084322238284668,0.50488002012636013,4.274236920698633,-0.063545571604631992,0.005775261253423215,0.072432409516666824,4241.5647115517095,4847.6824842333881,5569.5475668647214,4904,4904,4904
SPY,fz0_0p05,auto,78,57,3.9000000000000004,0,0,0,0,0.00078390779585999122,0.21903343138215289,1.915482759611264,-0.073735344929217086,-0.0040701222822045382,0.062806725927486928,4324.3947407660453,4944.0831152258561,5684.7663383317768,4904,4904,4904
SPY,fz0_0p05,fixed,78,56,3.9000000000000004,0,0,0,0,10,10,10,-0.073735344929217086,-0.0040701222822045382,0.062806725927486928,4324.3947407660453,4944.0831152258561,5684.7663383317768,4904,4904,4904
SPY,fz0_0p05,twice_auto,78,57,3.9000000000000004,0,0,0,0,0.0015678155917199824,0.43806686276430579,3.830965519222528,-0.073735344929217086,-0.0040701222822045382,0.062806725927486928,4324.3947407660453,4944.0831152258561,5684.7663383317768,4904,4904,4904
SPY,fz0_avg,auto,78,47,3.9000000000000004,0,0,0,0,0.00091601349678186795,0.2798081748668414,2.3272549146842816,-0.066947465021432243,0.0098873235848017937,0.081558544434304436,4164.3949107257531,4807.9777994417491,5607.7339402816051,4904,4904,4904
SPY,fz0_avg,fixed,78,47,3.9000000000000004,0,0,0,0,10,10,10,-0.066947465021432243,0.0098873235848017937,0.081558544434304436,4164.3949107257531,4807.9777994417491,5607.7339402816051,4904,4904,4904
SPY,fz0_avg,twice_auto,78,47,3.9000000000000004,0,0,0,0,0.0018320269935637359,0.55961634973368279,4.6545098293685632,-0.066947465021432243,0.0098873235848017937,0.081558544434304436,4164.3949107257531,4807.9777994417491,5607.7339402816051,4904,4904,4904
SPY,log_score,auto,78,61,3.9000000000000004,0,0,0,0,0.0053544012000577967,0.2380753027798394,5.3054409220658378,-0.079426193100314971,0.01643738562197283,0.23386816416868716,3044.9853817632888,4745.3892723461249,5750.224491821522,4904,4904,4904
SPY,log_score,fixed,78,60,3.9000000000000004,0,0,0,0,10,10,10,-0.079426193100314971,0.01643738562197283,0.23386816416868716,3044.9853817632888,4745.3892723461249,5750.224491821522,4904,4904,4904
SPY,log_score,twice_auto,78,61,3.9000000000000004,0,0,0,0,0.010708802400115593,0.47615060555967881,10.610881844131676,-0.079426193100314971,0.01643738562197283,0.23386816416868716,3044.9853817632888,4745.3892723461249,5750.224491821522,4904,4904,4904
SPY,pinball_0p01,auto,78,41,3.9000000000000004,0,0,0,0,0.0073536011275397084,0.30546289757575684,2.2660304462371652,-0.035983858034770624,-0.0066482107399542419,0.089496045765487822,4098.3273036377359,4969.6424013014002,5270.1034958248247,4904,4904,4904
SPY,pinball_0p01,fixed,78,41,3.9000000000000004,0,0,0,0,10,10,10,-0.035983858034770624,-0.0066482107399542419,0.089496045765487822,4098.3273036377359,4969.6424013014002,5270.1034958248247,4904,4904,4904
SPY,pinball_0p01,twice_auto,78,41,3.9000000000000004,0,0,0,0,0.014707202255079417,0.61092579515151368,4.5320608924743304,-0.035983858034770624,-0.0066482107399542419,0.089496045765487822,4098.3273036377359,4969.6424013014002,5270.1034958248247,4904,4904,4904
SPY,pinball_0p025,auto,78,45,3.9000000000000004,0,0,0,0,0.0086307853625486024,0.26262451482227744,2.113951894520786,-0.052570814226453377,-0.018823289950978664,0.079590922140022821,4180.9226302848665,5092.160638038722,5448.2248916071458,4904,4904,4904
SPY,pinball_0p025,fixed,78,44,3.9000000000000004,0,0,0,0,10,10,10,-0.052570814226453377,-0.018823289950978664,0.079590922140022821,4180.9226302848665,5092.160638038722,5448.2248916071458,4904,4904,4904
SPY,pinball_0p025,twice_auto,78,45,3.9000000000000004,0,0,0,0,0.017261570725097205,0.52524902964455489,4.227903789041572,-0.052570814226453377,-0.018823289950978664,0.079590922140022821,4180.9226302848665,5092.160638038722,5448.2248916071458,4904,4904,4904
SPY,pinball_0p05,auto,78,53,3.9000000000000004,0,0,0,0,0.0085330345716889688,0.54619074522397348,1.9562470418874816,-0.099796545968396877,-0.026058203480782013,0.087310291449276572,4116.4241393934672,5166.4170520929702,5991.3147825354545,4904,4904,4904
SPY,pinball_0p05,fixed,78,53,3.9000000000000004,0,0,0,0,10,10,10,-0.099796545968396877,-0.026058203480782013,0.087310291449276572,4116.4241393934672,5166.4170520929702,5991.3147825354545,4904,4904,4904
SPY,pinball_0p05,twice_auto,78,53,3.9000000000000004,0,0,0,0,0.017066069143377938,1.092381490447947,3.9124940837749631,-0.099796545968396877,-0.026058203480782013,0.087310291449276572,4116.4241393934672,5166.4170520929702,5991.3147825354545,4904,4904,4904
SPY,pinball_avg,auto,78,50,3.9000000000000004,0,0,0,0,0.0093174991841462017,0.49614972552048686,2.1748205269001111,-0.076016330469775642,-0.020305020095665163,0.085424967318040682,4132.0921254966443,5107.2807287414416,5710.9062190532268,4904,4904,4904
SPY,pinball_avg,fixed,78,47,3.9000000000000004,0,0,0,0,10,10,10,-0.076016330469775642,-0.020305020095665163,0.085424967318040682,4132.0921254966443,5107.2807287414416,5710.9062190532268,4904,4904,4904
SPY,pinball_avg,twice_auto,78,50,3.9000000000000004,0,0,0,0,0.018634998368292403,0.99229945104097372,4.3496410538002221,-0.076016330469775642,-0.020305020095665163,0.085424967318040682,4132.0921254966443,5107.2807287414416,5710.9062190532268,4904,4904,4904
SPY,qlike,auto,78,58,3.9000000000000004,0,0,0,0,0.04051573298481756,0.69248238170021614,7.7573270755058381,0.0022365484924260315,0.11003526971849759,0.4866023497570367,1693.5948454561328,3932.6206265087958,4882.1128839826179,4904,4904,4904
SPY,qlike,fixed,78,57,3.9000000000000004,0,0,0,0,10,10,10,0.0022365484924260315,0.11003526971849759,0.4866023497570367,1693.5948454561328,3932.6206265087958,4882.1128839826179,4904,4904,4904
SPY,qlike,twice_auto,78,58,3.9000000000000004,0,0,0,0,0.081031465969635119,1.3849647634004323,15.514654151011676,0.0022365484924260315,0.11003526971849759,0.4866023497570367,1693.5948454561328,3932.6206265087958,4882.1128839826179,4904,4904,4904
SPY,qlike_ex_near_zero,auto,78,58,3.9000000000000004,0,0,0,0,0.04051573298481756,0.69248238170021614,7.7573270755058381,0.0022365484924260315,0.11003526971849759,0.4866023497570367,1693.5948454561328,3932.6206265087958,4882.1128839826179,4904,4904,4904
SPY,qlike_ex_near_zero,fixed,78,57,3.9000000000000004,0,0,0,0,10,10,10,0.0022365484924260315,0.11003526971849759,0.4866023497570367,1693.5948454561328,3932.6206265087958,4882.1128839826179,4904,4904,4904
SPY,qlike_ex_near_zero,twice_auto,78,58,3.9000000000000004,0,0,0,0,0.081031465969635119,1.3849647634004323,15.514654151011676,0.0022365484924260315,0.11003526971849759,0.4866023497570367,1693.5948454561328,3932.6206265087958,4882.1128839826179,4904,4904,4904
TWSE,crps,auto,78,48,3.9000000000000004,0,0,0,0,0.0055511969705819503,0.48338324730650684,2.4119416775517659,-0.087479168028672991,0.020531749741064836,0.16090714853431279,3470.1179891715474,4607.8562788244444,5721.4995020187234,4801,4801,4801
TWSE,crps,fixed,78,43,3.9000000000000004,0,0,0,0,10,10,10,-0.087479168028672991,0.020531749741064836,0.16090714853431279,3470.1179891715474,4607.8562788244444,5721.4995020187234,4801,4801,4801
TWSE,crps,twice_auto,78,48,3.9000000000000004,0,0,0,0,0.011102393941163901,0.96676649461301367,4.8238833551035318,-0.087479168028672991,0.020531749741064836,0.16090714853431279,3470.1179891715474,4607.8562788244444,5721.4995020187234,4801,4801,4801
TWSE,fz0_0p01,auto,78,56,3.9000000000000004,0,0,0,0,0.010441772999698276,0.66986190102181142,5.5038055603597051,-0.11310063513134822,0.052392732469424247,0.37284803780881043,2193.2191237171892,4323.0374173348646,6025.4819892187406,4801,4801,4801
TWSE,fz0_0p01,fixed,78,56,3.9000000000000004,0,0,0,0,10,10,10,-0.11310063513134822,0.052392732469424247,0.37284803780881043,2193.2191237171892,4323.0374173348646,6025.4819892187406,4801,4801,4801
TWSE,fz0_0p01,twice_auto,78,56,3.9000000000000004,0,0,0,0,0.020883545999396552,1.3397238020436228,11.00761112071941,-0.11310063513134822,0.052392732469424247,0.37284803780881043,2193.2191237171892,4323.0374173348646,6025.4819892187406,4801,4801,4801
TWSE,fz0_0p025,auto,78,55,3.9000000000000004,0,0,0,0,0.03872041146207908,0.81737345503926906,5.4822006901806493,-0.083227653293862919,0.069111275715407386,0.35778975179145461,2270.7870622688197,4180.2922070978875,5672.7016059645975,4801,4801,4801
TWSE,fz0_0p025,fixed,78,55,3.9000000000000004,0,0,0,0,10,10,10,-0.083227653293862919,0.069111275715407386,0.35778975179145461,2270.7870622688197,4180.2922070978875,5672.7016059645975,4801,4801,4801
TWSE,fz0_0p025,twice_auto,78,55,3.9000000000000004,0,0,0,0,0.077440822924158159,1.6347469100785381,10.964401380361299,-0.083227653293862919,0.069111275715407386,0.35778975179145461,2270.7870622688197,4180.2922070978875,5672.7016059645975,4801,4801,4801
TWSE,fz0_0p05,auto,78,55,3.9000000000000004,0,0,0,0,0.029423049050903895,0.88461171724484133,5.3309066702558408,-0.074933523892752235,0.074278595966963123,0.33405656176299731,2396.5958705308994,4137.1393578700163,5578.7945855804528,4801,4801,4801
TWSE,fz0_0p05,fixed,78,52,3.9000000000000004,0,0,0,0,10,10,10,-0.074933523892752235,0.074278595966963123,0.33405656176299731,2396.5958705308994,4137.1393578700163,5578.7945855804528,4801,4801,4801
TWSE,fz0_0p05,twice_auto,78,55,3.9000000000000004,0,0,0,0,0.058846098101807791,1.7692234344896827,10.661813340511682,-0.074933523892752235,0.074278595966963123,0.33405656176299731,2396.5958705308994,4137.1393578700163,5578.7945855804528,4801,4801,4801
TWSE,fz0_avg,auto,78,56,3.9000000000000004,0,0,0,0,0.0012780525708280788,0.76306119711018949,5.5542586417381319,-0.10095445365519064,0.06257537495500988,0.36758827163837809,2220.1190013327277,4235.731746714202,5879.2153005909695,4801,4801,4801
TWSE,fz0_avg,fixed,78,56,3.9000000000000004,0,0,0,0,10,10,10,-0.10095445365519064,0.06257537495500988,0.36758827163837809,2220.1190013327277,4235.731746714202,5879.2153005909695,4801,4801,4801
TWSE,fz0_avg,twice_auto,78,56,3.9000000000000004,0,0,0,0,0.0025561051416561576,1.526122394220379,11.108517283476264,-0.10095445365519064,0.06257537495500988,0.36758827163837809,2220.1190013327277,4235.731746714202,5879.2153005909695,4801,4801,4801
TWSE,log_score,auto,78,66,3.9000000000000004,0,0,0,0,0.015394308116620539,0.68277683379774667,4.7206069938732886,-0.13221197394380735,0.052190328385205542,0.31778056390026926,2485.4938693440063,4324.7266012729142,6263.9141399632917,4801,4801,4801
TWSE,log_score,fixed,78,63,3.9000000000000004,0,0,0,0,10,10,10,-0.13221197394380735,0.052190328385205542,0.31778056390026926,2485.4938693440063,4324.7266012729142,6263.9141399632917,4801,4801,4801
TWSE,log_score,twice_auto,78,66,3.9000000000000004,0,0,0,0,0.030788616233241077,1.3655536675954933,9.4412139877465773,-0.13221197394380735,0.052190328385205542,0.31778056390026926,2485.4938693440063,4324.7266012729142,6263.9141399632917,4801,4801,4801
TWSE,pinball_0p01,auto,78,57,3.9000000000000004,0,0,0,0,0.017141541905636912,0.93595606474882787,3.8768724514744051,-0.058169708870960603,0.076842662420849583,0.3446673846978851,2339.7993599527522,4115.8102886614606,5394.0426636728735,4801,4801,4801
TWSE,pinball_0p01,fixed,78,54,3.9000000000000004,0,0,0,0,10,10,10,-0.058169708870960603,0.076842662420849583,0.3446673846978851,2339.7993599527522,4115.8102886614606,5394.0426636728735,4801,4801,4801
TWSE,pinball_0p01,twice_auto,78,57,3.9000000000000004,0,0,0,0,0.034283083811273825,1.8719121294976557,7.7537449029488101,-0.058169708870960603,0.076842662420849583,0.3446673846978851,2339.7993599527522,4115.8102886614606,5394.0426636728735,4801,4801,4801
TWSE,pinball_0p025,auto,78,52,3.9000000000000004,0,0,0,0,0.018894876836735169,1.0351226101134032,3.4219587309785053,-0.071955829502033886,0.094372552031888726,0.32294756239969324,2457.0352184049852,3973.0006070711688,5545.4902913487394,4801,4801,4801
TWSE,pinball_0p025,fixed,78,52,3.9000000000000004,0,0,0,0,10,10,10,-0.071955829502033886,0.094372552031888726,0.32294756239969324,2457.0352184049852,3973.0006070711688,5545.4902913487394,4801,4801,4801
TWSE,pinball_0p025,twice_auto,78,51,3.9000000000000004,0,0,0,0,0.037789753673470337,2.0702452202268065,6.8439174619570107,-0.071955829502033886,0.094372552031888726,0.32294756239969324,2457.0352184049852,3973.0006070711688,5545.4902913487394,4801,4801,4801
TWSE,pinball_0p05,auto,78,36,3.9000000000000004,0,0,0,0,0.040180334866906524,0.95117066738808365,3.2196243343876745,-0.067830155253057217,0.081640388470506919,0.27823294405724475,2710.9328168168236,4076.2682735061408,5499.697940520341,4801,4801,4801
TWSE,pinball_0p05,fixed,78,34,3.9000000000000004,0,0,0,0,10,10,10,-0.067830155253057217,0.081640388470506919,0.27823294405724475,2710.9328168168236,4076.2682735061408,5499.697940520341,4801,4801,4801
TWSE,pinball_0p05,twice_auto,78,35,3.9000000000000004,0,0,0,0,0.080360669733813048,1.9023413347761673,6.439248668775349,-0.067830155253057217,0.081640388470506919,0.27823294405724475,2710.9328168168236,4076.2682735061408,5499.697940520341,4801,4801,4801
TWSE,pinball_avg,auto,78,55,3.9000000000000004,0,0,0,0,0.054645892662362645,1.1249267685454702,3.6310687987741019,-0.0606771928003315,0.099152526942758418,0.33288270093550409,2402.9347447908881,3934.8227453710801,5421.2579143220319,4801,4801,4801
TWSE,pinball_avg,fixed,78,52,3.9000000000000004,0,0,0,0,10,10,10,-0.0606771928003315,0.099152526942758418,0.33288270093550409,2402.9347447908881,3934.8227453710801,5421.2579143220319,4801,4801,4801
TWSE,pinball_avg,twice_auto,78,55,3.9000000000000004,0,0,0,0,0.10929178532472529,2.2498535370909405,7.2621375975482039,-0.0606771928003315,0.099152526942758418,0.33288270093550409,2402.9347447908881,3934.8227453710801,5421.2579143220319,4801,4801,4801
TWSE,qlike,auto,78,51,3.9000000000000004,0,0,0,0,0.020467797393896349,1.5604430447381645,4.6747428393096673,-0.19906831130601535,0.11600003720155581,0.26187152368701261,2761.5367105613041,3739.5748102801617,7067.7706695639863,4721,4721,4721
TWSE,qlike,fixed,78,46,3.9000000000000004,0,0,0,0,10,10,10,-0.19906831130601535,0.11600003720155581,0.26187152368701261,2761.5367105613041,3739.5748102801617,7067.7706695639863,4721,4721,4721
TWSE,qlike,twice_auto,78,50,3.9000000000000004,0,0,0,0,0.040935594787792698,3.1208860894763291,9.3494856786193345,-0.19906831130601535,0.11600003720155581,0.26187152368701261,2761.5367105613041,3739.5748102801617,7067.7706695639863,4721,4721,4721
TWSE,qlike_ex_near_zero,auto,78,50,3.9000000000000004,0,0,0,0,0.021742351507099977,1.5548499631945727,4.6739209973203106,-0.19906589837445968,0.1158345168094502,0.26186066468212849,2760.4311798105682,3739.2450517115458,7064.7409854881362,4719,4719,4719
TWSE,qlike_ex_near_zero,fixed,78,46,3.9000000000000004,0,0,0,0,10,10,10,-0.19906589837445968,0.1158345168094502,0.26186066468212849,2760.4311798105682,3739.2450517115458,7064.7409854881362,4719,4719,4719
TWSE,qlike_ex_near_zero,twice_auto,78,49,3.9000000000000004,0,0,0,0,0.043484703014199953,3.1096999263891454,9.3478419946406213,-0.19906589837445968,0.1158345168094502,0.26186066468212849,2760.4311798105682,3739.2450517115458,7064.7409854881362,4719,4719,4719
