asset,loss,variant,n,block_length,block_is_1,block_exceeds_n_over_4,pw_pairs_min,pw_pairs_median,pw_pairs_max,rho1_pairs_min,rho1_pairs_median,rho1_pairs_max,rho1_pairs_max_pair,ar1_implied_block_at_max_rho1,block_below_ar1_implied,pw_series_min,pw_series_median,pw_series_max,rho1_series_min,rho1_series_median,rho1_series_max
BTC-USD,crps,headline,2791,111,False,False,0.10754109661122248,13.456287264836405,110.57180856063742,-0.10906337340510147,0.058605269315865231,0.1857031142239047,naive/patchtst,8.5246651844860946,False,83.035401557542613,84.489454011418943,104.572858245733,0.15355292776755841,0.17279069036761202,0.19749588326683623
BTC-USD,crps,drop_garch11_t,2791,111,False,False,0.10754109661122248,15.454389818173803,110.57180856063742,-0.10906337340510147,0.064350479049042369,0.1857031142239047,naive/patchtst,8.5246651844860946,False,83.035401557542613,84.490453322207969,104.572858245733,0.16576351436530831,0.1730646549777238,0.19749588326683623
BTC-USD,log_score,headline,2791,25,False,False,0.036153677252552634,1.3968975458715025,24.745553181330866,-0.023207625431276444,0.0085251782022410863,0.13871157913621746,patchtst/timesfm,6.944973760897315,False,2.6204417216347098,3.2482085315775433,20.378842553731904,0.035079597542273647,0.049705336543698915,0.10340370993354063
BTC-USD,log_score,drop_garch11_t,2791,25,False,False,0.13577645258345117,1.5096415588197556,24.745553181330866,-0.023207625431276444,0.010515230325044195,0.13871157913621746,patchtst/timesfm,6.944973760897315,False,2.6204417216347098,3.1666381735869678,20.378842553731904,0.035079597542273647,0.047703201081716301,0.10340370993354063
BTC-USD,pinball_0p01,headline,2791,23,False,False,0.10287288120586767,2.1193631604514582,22.236765138226165,-0.078060915995088007,-0.0067706901195572714,0.10581689929593691,autoarima/har,5.7667872506108724,False,1.1987808349418647,1.8264535967269595,12.599649586278851,0.010352722544207124,0.017110223635683749,0.027052325772606769
BTC-USD,pinball_0p01,drop_garch11_t,2791,23,False,False,0.10287288120586767,2.103603336904083,22.236765138226165,-0.078060915995088007,-0.0025186715308307506,0.10581689929593691,autoarima/har,5.7667872506108724,False,1.1987808349418647,1.90161364727536,12.599649586278851,0.010352722544207124,0.016266122294075216,0.027052325772606769
BTC-USD,pinball_0p025,headline,2791,12,False,False,0.097390126359981025,2.0340649440870182,11.675000927850054,-0.056081734191995851,-0.0034879629034876821,0.05928713744036361,autoets/har,3.8990921213914671,False,1.771932743228021,15.531146968098072,17.36424420476208,0.018916590313276173,0.031860752012144763,0.039654392027241074
BTC-USD,pinball_0p025,drop_garch11_t,2791,12,False,False,0.097390126359981025,1.874704067877182,11.675000927850054,-0.056081734191995851,-0.0033037303473006864,0.05928713744036361,autoets/har,3.8990921213914671,False,1.771932743228021,15.470345665192262,17.36424420476208,0.018916590313276173,0.031761901357083511,0.039654392027241074
BTC-USD,pinball_0p05,headline,2791,30,False,False,0.32623301631431739,2.5916479973100595,29.265779682270843,-0.052506859638795235,0.0035229434838499277,0.10216856878685954,garch11/naive,5.6305828190840002,False,2.366927720498968,19.181013320077959,21.449326308129123,0.029818010525201024,0.055141181528118421,0.064421529046540402
BTC-USD,pinball_0p05,drop_garch11_t,2791,30,False,False,0.50197463907235718,2.5465841198309587,29.265779682270843,-0.052506859638795235,0.0042780255044058742,0.10216856878685954,garch11/naive,5.6305828190840002,False,2.366927720498968,19.424652169858739,21.449326308129123,0.029818010525201024,0.05520116119884156,0.064421529046540402
BTC-USD,pinball_avg,headline,2791,17,False,False,0.15226911849487765,2.3872041727659425,16.327183658406891,-0.061834534213226593,-0.0027752174017793641,0.072248372553153348,autoets/har,4.4535294416440356,False,1.8593713751238743,15.879827806996886,17.756224099168669,0.020391728894759473,0.033813213393288293,0.043789570258459289
BTC-USD,pinball_avg,drop_garch11_t,2791,17,False,False,0.15226911849487765,2.3124403817311334,16.327183658406891,-0.061834534213226593,-0.0027752174017793641,0.072248372553153348,autoets/har,4.4535294416440356,False,1.8593713751238743,15.843338714658664,17.756224099168669,0.020391728894759473,0.033792257203989373,0.043789570258459289
BTC-USD,qlike,headline,2791,40,False,False,0.22466367968796294,4.4629259471564904,39.430379206388999,-0.051535525392885889,0.06739144261001706,0.41765343640475877,garch11/gjr,16.243514745083701,False,1.3993247744514985,3.3011560540696743,21.533898292596682,0.013127360421315723,0.05108483498193498,0.34888092751687239
BTC-USD,qlike,drop_garch11_t,2791,40,False,False,0.22466367968796294,3.8942226843365852,39.430379206388999,-0.051535525392885889,0.066091586382652001,0.41765343640475877,garch11/gjr,16.243514745083701,False,1.3993247744514985,2.9393125408058935,21.533898292596682,0.013127360421315723,0.04262317950627896,0.34888092751687239
BTC-USD,fz0_0p01,headline,2791,12,False,False,0.23712514681324148,2.18632263218755,11.701240930432874,-0.055522293038143752,-0.0018447979692309095,0.11644667448592819,autoets/har,6.1566045037522397,False,0.86719728081197101,2.0051817630885935,12.894167661118907,0.0063194005236814274,0.010415999354239742,0.044125824249843647
BTC-USD,fz0_0p01,drop_garch11_t,2791,12,False,False,0.32409436444260636,2.18632263218755,11.701240930432874,-0.055522293038143752,0.00050692487175715275,0.11644667448592819,autoets/har,6.1566045037522397,False,0.86719728081197101,2.0305716090196535,12.894167661118907,0.0063194005236814274,0.010345976352659577,0.044125824249843647
BTC-USD,fz0_0p025,headline,2791,10,False,False,0.015851980931500011,2.0064655936238323,9.3558735826210011,-0.048184443346618068,-0.0017532625850775602,0.096448792471165209,autoets/har,5.4142812175563559,False,1.1576746907702755,14.149609099538981,15.420980060060394,0.0098144600091154815,0.021354226820985409,0.049686823473771416
BTC-USD,fz0_0p025,drop_garch11_t,2791,10,False,False,0.015851980931500011,1.9579801855230163,9.3558735826210011,-0.048184443346618068,-0.00037177475433360497,0.096448792471165209,autoets/har,5.4142812175563559,False,1.1576746907702755,14.019359523829788,15.420980060060394,0.0098144600091154815,0.020482911708479767,0.049686823473771416
BTC-USD,fz0_0p05,headline,2791,13,False,False,0.041041163822949624,1.8075322822874023,12.544472450069684,-0.039179240153969473,-0.0013550640689375839,0.079929436793200193,autoets/har,4.7675711954126658,False,1.4470858260454238,17.687777343193009,18.789375056514441,0.013823887060543629,0.036850398684903508,0.06746703526677926
BTC-USD,fz0_0p05,drop_garch11_t,2791,13,False,False,0.041041163822949624,1.8075322822874023,12.544472450069684,-0.039179240153969473,-0.0013550640689375839,0.079929436793200193,autoets/har,4.7675711954126658,False,1.4470858260454238,17.465482204106145,18.789375056514441,0.013823887060543629,0.034152212523260853,0.06746703526677926
BTC-USD,fz0_avg,headline,2791,11,False,False,0.024182068747769091,2.2913549330080309,10.635798286048924,-0.051446284555290517,-0.0018759270910918796,0.11013619824496637,autoets/har,5.9263943497722762,False,1.0490613714154327,12.558246448916531,14.252081254489621,0.0084434206767547808,0.016513121702703869,0.049702599548736064
BTC-USD,fz0_avg,drop_garch11_t,2791,11,False,False,0.024182068747769091,2.2965827074162224,10.635798286048924,-0.051446284555290517,0.00037254757341935636,0.11013619824496637,autoets/har,5.9263943497722762,False,1.0490613714154327,12.601790356830303,14.252081254489621,0.0084434206767547808,0.016482055771580427,0.049702599548736064
BTC-USD,qlike_ex_near_zero,headline,2791,40,False,False,0.22466367968796294,4.4629259471564904,39.430379206388999,-0.051535525392885889,0.06739144261001706,0.41765343640475877,garch11/gjr,16.243514745083701,False,1.3993247744514985,3.3011560540696743,21.533898292596682,0.013127360421315723,0.05108483498193498,0.34888092751687239
BTC-USD,qlike_ex_near_zero,drop_garch11_t,2791,40,False,False,0.22466367968796294,3.8942226843365852,39.430379206388999,-0.051535525392885889,0.066091586382652001,0.41765343640475877,garch11/gjr,16.243514745083701,False,1.3993247744514985,2.9393125408058935,21.533898292596682,0.013127360421315723,0.04262317950627896,0.34888092751687239
CAC,crps,headline,5038,161,False,False,0.60829818623278098,15.904076245178624,160.87400472140806,-0.20502676735326594,-0.04040281188815037,0.12311812729872328,har/patchtst,7.7882542201959524,False,154.05896004209768,157.69305375765683,158.61524504877701,0.23169914644632697,0.24402266180230806,0.26808605903590632
CAC,log_score,headline,5038,72,False,False,0.079377623373448877,13.532717117764427,71.193931518200202,-0.030594488838314119,0.028844215164515678,0.11456897383729195,lgbm/patchtst,7.4132167172710144,False,78.941386537401982,155.85323021325584,162.12898028399334,0.13701890255792171,0.16900127169269941,0.21573989135367666
CAC,pinball_0p01,headline,5038,87,False,False,1.2925382150822893,21.03266203109257,86.746198808310822,-0.032789600697638539,0.035330721761108456,0.065312468962147915,gjr/timesfm,5.0664632778142202,False,2.4268528448856239,20.716264084556585,69.986468283855601,0.02273374533773373,0.040982246362311986,0.079990196668554558
CAC,pinball_0p025,headline,5038,92,False,False,0.024619841901960125,23.127905636287199,91.342829631072988,-0.026175100640816663,0.022273302803777394,0.10253454625178951,autoarima/autoets,6.872424584296307,False,22.385135140615834,59.451145616675404,89.757366619377507,0.050569911799797432,0.068091236772038904,0.092939184869283681
CAC,pinball_0p05,headline,5038,105,False,False,0.44930677953040793,34.318729951276488,104.10879016145263,-0.04625522260014988,-0.0015601110076048936,0.1326117021574858,autoarima/autoets,8.1971201742967388,False,68.445935591048226,69.236348915573345,103.58792238324267,0.089891562874297351,0.10505346704013582,0.11415849445611401
CAC,pinball_avg,headline,5038,93,False,False,0.94983203231470403,23.541616787366799,92.092363001137016,-0.036653199630400479,0.019321098561386297,0.094213903466683499,autoarima/autoets,6.4882546071926681,False,28.512062208396369,61.958932224683629,90.741834653521849,0.059061031028570334,0.075360567331294606,0.095841885430887661
CAC,qlike,headline,5010,70,False,False,2.4475054211045237,16.33766366840991,69.385741151428434,0.00064263099300855629,0.093907304589384843,0.51619558642251984,naive/timesfm,24.599284803254438,False,0.66353209141222691,2.530058451188502,64.338931692351977,0.0031370010393063853,0.021518204169823321,0.35339250762443758
CAC,fz0_0p01,headline,5038,65,False,False,0.19439463625752121,13.706404953038707,64.027640209949595,-0.017181482972845951,0.051057232137693351,0.098729193492940334,autoarima/har,6.6978623636111401,False,1.099386944629456,2.9469349189542875,59.204441769773943,0.0067192148020562342,0.030895116456923052,0.10187413457954331
CAC,fz0_0p025,headline,5038,65,False,False,0.58855747453316376,13.789995582903757,64.385454369203657,-0.0073381979149421501,0.061395486284549494,0.12637960583025429,autoarima/har,7.9295664083602881,False,2.6801685137315894,14.662639042431913,64.922722728184155,0.026578570641475598,0.059981863302133398,0.11109222833066269
CAC,fz0_0p05,headline,5038,63,False,False,0.72721622412062381,14.496107782531945,62.846734182974366,-0.015997664937970408,0.049174336350808832,0.12316086424108712,autoarima/autoets,7.7901119324518397,False,10.88240222348816,24.191818851911975,74.734566702570007,0.060103482052198086,0.085367230425797094,0.11958344668395755
CAC,fz0_avg,headline,5038,65,False,False,0.28670715696869792,14.477038368312048,64.573473824121749,-0.0084751571007469651,0.061508057218559543,0.11928241914218488,autoarima/har,7.620846218620561,False,2.2829462838124739,8.7653641933635189,63.193791086950725,0.020659639629869206,0.050936146042520281,0.10813580627083537
CAC,qlike_ex_near_zero,headline,5008,70,False,False,2.4455509373665341,16.333376160625289,69.3803019915444,0.0005224711853522283,0.093749830214093208,0.51619452139967892,naive/timesfm,24.5959526001994,False,0.68092812001328407,2.6167659461428912,64.451981360067222,0.003262637350950072,0.022740383122583085,0.3553666699546853
DAX,crps,headline,4996,159,False,False,0.84423878183460754,25.687177190522199,158.93722293726222,-0.20202894576634836,-0.017297529226172802,0.094144639389229706,har/patchtst,6.4669458893868681,False,153.23192340117004,157.05528796669842,158.54410485866435,0.19461875920128041,0.20810623846167994,0.22069265296827362
DAX,log_score,headline,4996,84,False,False,0.070312891187668966,28.235784758109197,83.033258994628042,-0.054306424552195011,0.023844181924018347,0.096684035122561213,naive/patchtst,6.5848658775117297,False,60.678415316947927,155.78857812079556,159.3498685792843,0.080837768706221988,0.1441319913183072,0.1905625855865373
DAX,pinball_0p01,headline,4996,96,False,False,0.15795113189028914,16.813383218981308,95.394251242712073,-0.01978366508204989,0.0120711504894643,0.078395994519970508,chronos/naive,5.7135416307306244,False,17.789247235602133,19.893738649406028,67.993737383414029,0.0089409868539274146,0.013243306751390106,0.061274957156548654
DAX,pinball_0p025,headline,4996,92,False,False,0.29114094903570087,17.19154839789719,91.918618165326961,-0.033248880913118901,0.0070615963227536518,0.059502403781117617,chronos/naive,4.7457822719277756,False,22.12158682519658,23.645882525314878,96.386720008585769,0.033669426643829665,0.042011387535587967,0.074717666492987347
DAX,pinball_0p05,headline,4996,94,False,False,0.47111700650501442,19.089186201396338,93.336183813084816,-0.059165672814480985,0.0063483162656132082,0.06729778136413056,moirai/timesfm,5.1551263441726771,False,68.038641901558847,102.15897025514489,113.31632676001065,0.067790904115964112,0.075158630844707239,0.097772303638664723
DAX,pinball_avg,headline,4996,92,False,False,0.33388958715306954,18.701635891329808,91.952295085050068,-0.043492950500971767,0.011128150765172991,0.06181319368471537,lgbm/naive,4.868782673021725,False,23.13900480902511,24.736030152653711,97.341231488879927,0.040425600983598597,0.046721594936149836,0.079824389262590112
DAX,qlike,headline,4996,70,False,False,1.4639843084154631,34.869642144074461,69.464893075772423,-0.010025844430169699,0.12742180269822662,0.56681505257597942,lgbm/patchtst,27.548085053788238,False,1.0391642379943076,16.527930033898095,52.62727179620547,0.0061942199996459788,0.020070909339781937,0.38855001756753976
DAX,fz0_0p01,headline,4996,59,False,False,0.18533257270087014,17.296922382997671,58.643544499419654,-0.010093569955049665,0.014941896467751804,0.093556999113710196,chronos/naive,6.4395294320103966,False,1.1178774033310357,11.67228533599403,60.581174123034792,0.0069210946065036078,0.014730880797791258,0.080323059927349699
DAX,fz0_0p025,headline,4996,66,False,False,0.097859562454465504,17.919663720763108,65.246084470195242,-0.0095093427259987547,0.023940504588272297,0.088784552444993559,chronos/naive,6.214995480331134,False,3.0499691287975197,15.956515756403883,66.760799856176391,0.021986869369481778,0.037787427430296318,0.092577101433920811
DAX,fz0_0p05,headline,4996,66,False,False,0.18572325020006267,19.065915151661713,65.290951748172375,-0.01806373163027114,0.036151255775227105,0.085835282152123701,lgbm/naive,6.0744857303470319,False,9.4353245660207392,20.222330807067657,69.968745568411904,0.046362852695556102,0.064337982687153197,0.11029258001005154
DAX,fz0_avg,headline,4996,66,False,False,0.24083529414079818,18.196933583741334,65.568219403033012,-0.010885264305230466,0.021692834186431153,0.091397859432692075,chronos/naive,6.3383664021869155,False,2.5462543450815525,14.980404669541885,62.955654743166875,0.018210009649201709,0.030061469008162939,0.089468565635277886
DAX,qlike_ex_near_zero,headline,4996,70,False,False,1.4639843084154631,34.869642144074461,69.464893075772423,-0.010025844430169699,0.12742180269822662,0.56681505257597942,lgbm/patchtst,27.548085053788238,False,1.0391642379943076,16.527930033898095,52.62727179620547,0.0061942199996459788,0.020070909339781937,0.38855001756753976
DIA,crps,headline,4904,154,False,False,0.24449848684587475,51.600912880811499,153.98346093612443,-0.12022209410773416,0.079141224344693534,0.3517242073352978,naive/timesfm,16.798486169733003,False,143.97677372710149,149.86786543697417,151.18085571403836,0.3449802535388245,0.35972338623906197,0.41573999490642122
DIA,log_score,headline,4904,75,False,False,0.5852943115090955,16.929203476162836,74.401037047966099,-0.086776027567958533,0.030705521363644867,0.26745728236900329,garch11_t/naive,13.465608946976358,False,85.484759830430619,155.80439716756192,158.37980431710304,0.15618130234595584,0.19880954336746939,0.30126794454509137
DIA,pinball_0p01,headline,4904,99,False,False,0.10703441381710485,20.926279949487835,98.277022253326606,-0.034028403984272974,-0.001045449090182102,0.13805751622439411,naive/patchtst,8.3530601536162639,False,8.3500991284014034,18.678015423785869,70.830989542321106,0.073270311035275482,0.11150906896162874,0.14375574096377408
DIA,pinball_0p025,headline,4904,99,False,False,0.4354959570932132,20.557324573836347,98.355878592240018,-0.052352887557840684,-0.012137482087863924,0.13331919634915643,naive/patchtst,8.1537003518975979,False,28.095769035689418,66.598716643812509,98.274641926753986,0.1022454374290561,0.13545873320233748,0.15168065882605722
DIA,pinball_0p05,headline,4904,90,False,False,1.6778240330470962,23.949897721947373,89.804667080280979,-0.072811907433911444,-0.022466342653544746,0.12034296988941154,naive/patchtst,7.5986797240612365,False,91.16204194292277,131.47102681702302,143.10288547684098,0.13200243666826972,0.1724861829431244,0.18388825255138189
DIA,pinball_avg,headline,4904,96,False,False,0.1575599419680366,21.781520125908493,95.369568180095953,-0.057875099015599195,-0.013674846500730658,0.13398170035591228,naive/patchtst,8.181673614460335,False,63.752039120030659,73.888303193216572,112.4268549729138,0.10540047384531354,0.14826592860366006,0.167283367010958
DIA,qlike,headline,4904,69,False,False,1.2050802913715621,22.251584561201518,68.598331311460811,0.0078329250335056819,0.093656017785975459,0.51324534913565212,chronos/naive,24.26447769178143,False,1.3347912916517435,13.555305242285693,59.789747424947443,0.0082251396211644283,0.025815443894536001,0.40561973568669707
DIA,fz0_0p01,headline,4904,73,False,False,0.21906667499510318,11.451861193019198,72.988737882538999,-0.084798607536856002,0.033700761681098326,0.12469995834518127,naive/patchtst,7.7866207743212161,False,3.273703881623125,7.9206377029145534,57.817250701219734,0.037092611219456055,0.085422870679860929,0.1491048306071798
DIA,fz0_0p025,headline,4904,84,False,False,0.11714828447720779,14.391411994243011,83.046011024151696,-0.077043735241216327,0.021711573710814239,0.11807313797075009,naive/patchtst,7.5000838380183872,False,4.0893802571184192,13.834151793674843,71.405813299556016,0.053354197531818075,0.093372136173442102,0.15182612450319621
DIA,fz0_0p05,headline,4904,77,False,False,0.23807750862884233,9.0231091761289637,76.226894592829524,-0.06791582828864616,0.012491188220655055,0.10649542507222298,naive/patchtst,6.9891377923460274,False,24.451452092983128,51.241461086245295,76.443045486843999,0.076644333546812438,0.10338428120713127,0.15286199935294939
DIA,fz0_avg,headline,4904,82,False,False,0.24413646766518463,11.518334163015776,81.290263557316251,-0.083986739158630516,0.023903676786052694,0.12170806672661703,naive/patchtst,7.6577465538700862,False,3.8475733812744286,9.2162176500726858,68.836022592468467,0.048242792399153703,0.092303511867685109,0.1512319078697533
DIA,qlike_ex_near_zero,headline,4904,69,False,False,1.2050802913715621,22.251584561201518,68.598331311460811,0.0078329250335056819,0.093656017785975459,0.51324534913565212,chronos/naive,24.26447769178143,False,1.3347912916517435,13.555305242285693,59.789747424947443,0.0082251396211644283,0.025815443894536001,0.40561973568669707
ETH-USD,crps,headline,2791,59,False,False,0.23112076572722209,5.2242854143700157,58.910817933681692,-0.10420883506569668,-0.0048527077991440907,0.13795918734919893,naive/patchtst,6.9188583261608718,False,50.357365989890049,100.67077840557832,102.58874169256569,0.14973716331962439,0.16777434326062723,0.18173303867126131
ETH-USD,log_score,headline,2791,8,False,False,0.10488301626469849,2.0537746181336791,7.6625729623544734,-0.049865224628239287,0.0030263944660504473,0.16168310954285514,garch11/naive,7.7282803857968148,False,2.3198553044155443,19.45365483056527,107.71467909001969,0.028881811581058077,0.055526795904884928,0.14480259973636003
ETH-USD,pinball_0p01,headline,2791,27,False,False,0.11453475121307807,2.0256045616647764,26.162048370343758,-0.082762532366447872,-0.0014752980579175686,0.052924842902256693,gjr/patchtst,3.6131739390803763,False,2.3369998716844522,14.283305735014936,16.014026349685697,0.013100895958933366,0.018725956976743788,0.02922131904023266
ETH-USD,pinball_0p025,headline,2791,20,False,False,0.25370626192639462,2.1961689937620479,19.831415716985703,-0.057861164221355253,0.0021016690653568857,0.094186944311726251,autoets/chronos,5.3277531871009911,False,14.316977337965149,16.982135518577053,19.031125911004636,0.027690598449697838,0.03455191602689877,0.044930953221178127
ETH-USD,pinball_0p05,headline,2791,16,False,False,0.2720002298887384,2.6699760070519876,15.505864593066732,-0.073145070535478557,0.0063341811860218797,0.11218807828005893,ewma/garch11,6.0016227931345556,False,17.662331986798645,19.397336508292973,21.864174364294037,0.039123521668646688,0.058381751213421373,0.067776018279284506
ETH-USD,pinball_avg,headline,2791,21,False,False,0.16343059825088452,2.5501680066109373,20.486033043644952,-0.056399314984362348,0.0013108149428016577,0.089647246095581001,autoets/chronos,5.1522616144940452,False,15.113946049437581,17.439173096776813,19.431682060369003,0.028793323783508674,0.037142913625925186,0.047095866160629316
ETH-USD,qlike,headline,2791,36,False,False,0.14305311165214954,6.4306854277809187,35.113156999546597,-0.096475446617428434,0.071950869642602083,0.33194039623086569,lgbm/patchtst,13.257972058612625,False,0.11273044903876972,2.2059844756202409,21.886685065458998,0.00029265802478708515,0.026669592172795246,0.24839640790323486
ETH-USD,fz0_0p01,headline,2791,18,False,False,0.2358587949128535,1.8331093138676975,17.185153452588107,-0.070564230316081916,0.00022547314091344423,0.051402287670305642,garch11/patchtst,3.5431646451135705,False,1.8891788726103964,12.770375508290805,16.403006938095949,0.0052965119461561546,0.014835874570337094,0.040885169608528671
ETH-USD,fz0_0p025,headline,2791,17,False,False,0.056167465631507506,1.76591489327778,16.667751481605549,-0.061559440158932048,0.0040293226937838274,0.057967884910236876,autoets/chronos,3.8406364824040629,False,2.4116220013572907,14.543834244415141,18.771075473410576,0.016339198123848049,0.026230671001543613,0.049951765243517077
ETH-USD,fz0_0p05,headline,2791,13,False,False,0.1220605857081993,1.703101218665461,12.035341472374968,-0.047199822272886098,0.00026219996517489429,0.063589003862962776,autoets/chronos,4.0869389254184663,False,2.7894551290994598,17.183601326516939,20.614371179067817,0.03212571987809433,0.041795092842154054,0.057006634113055114
ETH-USD,fz0_avg,headline,2791,18,False,False,0.12995624937903258,1.9931934953691619,17.274623304659595,-0.067567886578112857,0.0013583298142472767,0.047635281812919157,autoets/chronos,3.3670320131163267,False,11.123104315700528,14.072669126404564,18.42596238772963,0.012193178993334034,0.021877112019003785,0.048558252738419551
ETH-USD,qlike_ex_near_zero,headline,2791,36,False,False,0.14305311165214954,6.4306854277809187,35.113156999546597,-0.096475446617428434,0.071950869642602083,0.33194039623086569,lgbm/patchtst,13.257972058612625,False,0.11273044903876972,2.2059844756202409,21.886685065458998,0.00029265802478708515,0.026669592172795246,0.24839640790323486
HSI,crps,headline,4828,143,False,False,0.069525470015075627,16.161642812534332,142.1832453112996,-0.10549205142354018,-0.0026745257087594284,0.11863077984787321,autoets/patchtst,7.4852790892420833,False,155.46825611301688,158.26467131976375,159.30718722063366,0.23341898825933829,0.24329076443719361,0.26244981083981
HSI,crps,drop_gjr,4828,143,False,False,0.069525470015075627,16.920249972848936,142.1832453112996,-0.10549205142354018,0.0052652556227523973,0.11863077984787321,autoets/patchtst,7.4852790892420833,False,155.46825611301688,158.23921404106198,159.30718722063366,0.23341898825933829,0.24403652609224802,0.26244981083981
HSI,log_score,headline,4828,66,False,False,0.22967827198769691,16.487445606750839,65.756534919695198,-0.03141345755528905,0.058679700872192278,0.28977632719842794,naive/timesfm,14.258540582684411,False,65.1293890139643,154.62484058433893,160.15082460072287,0.078202585657806023,0.097966085565359046,0.22775406333433526
HSI,log_score,drop_gjr,4828,66,False,False,0.22967827198769691,15.403282616524704,65.756534919695198,-0.03141345755528905,0.061339564742279411,0.28977632719842794,naive/timesfm,14.258540582684411,False,65.1293890139643,154.74522056600821,160.15082460072287,0.078202585657806023,0.098023687591631603,0.22775406333433526
HSI,pinball_0p01,headline,4828,62,False,False,0.18166825679129961,8.0808039499546869,61.661004751217895,-0.089942617637610411,0.047904392531438286,0.22565491197946036,garch11/naive,11.786934216788566,False,0.98642171954671165,1.7748325302581962,15.369467970596048,0.0058232232965389616,0.014289413186840752,0.12261950990579723
HSI,pinball_0p01,drop_gjr,4828,62,False,False,0.22095484438185692,8.6550446417763212,61.661004751217895,-0.089942617637610411,0.05428994865220281,0.22565491197946036,garch11/naive,11.786934216788566,False,1.2967009094421837,1.8221694876176446,15.369467970596048,0.0088288096979016479,0.014886581931934571,0.12261950990579723
HSI,pinball_0p025,headline,4828,75,False,False,0.46299337298919796,8.5255309864821882,74.868777282031388,-0.11078847565250753,0.082507623661486063,0.20575705271682018,gjr/naive,11.017097821604784,False,2.6975516606044421,14.20175022555971,62.781779981613298,0.027460960063280644,0.052186582476469463,0.13969400648525457
HSI,pinball_0p025,drop_gjr,4828,75,False,False,0.46299337298919796,8.625023465498268,74.868777282031388,-0.11078847565250753,0.086529582014449477,0.20194205790100478,garch11/naive,10.86872795132539,False,2.6975516606044421,12.122501094860226,62.781779981613298,0.027460960063280644,0.052778168676807319,0.13969400648525457
HSI,pinball_0p05,headline,4828,96,False,False,0.10589451597784345,6.0008203684943107,95.240079192944421,-0.078900685700636158,0.080219502990942035,0.16323802407643356,autoets/har,9.3398529555575163,False,41.930028340594681,69.100666686957155,73.663394643975238,0.068728408762198392,0.095608845847217752,0.1602488721272998
HSI,pinball_0p05,drop_gjr,4828,96,False,False,0.16940791934843283,6.8916394520837336,95.240079192944421,-0.078900685700636158,0.081966586985256107,0.16323802407643356,autoets/har,9.3398529555575163,False,43.308322504216164,69.677747453086297,73.663394643975238,0.068728408762198392,0.095934071599221474,0.1602488721272998
HSI,pinball_avg,headline,4828,80,False,False,0.25670227592293915,8.2288455953329489,79.464717363063528,-0.1114469979082254,0.080671245337850084,0.20389934839796603,gjr/naive,10.944887200234568,False,3.3380802031443073,14.655583115257128,66.670187337492791,0.03859951506198004,0.057546974787152254,0.14344722713477245
HSI,pinball_avg,drop_gjr,4828,80,False,False,0.25670227592293915,9.3899719662090018,79.464717363063528,-0.1114469979082254,0.084738347333863553,0.20363112412405404,garch11_t/naive,10.934455242533655,False,3.3380802031443073,12.671701539651123,66.670187337492791,0.03859951506198004,0.058028072711051787,0.14344722713477245
HSI,qlike,headline,4815,82,False,False,1.2181031772738773,27.940132919103505,81.204265432386265,-0.11448009276703504,0.26927564129210413,0.37982612862577714,naive/patchtst,17.854479153633154,False,12.59626213266581,20.100792518434801,47.14493517088043,0.034682821889579843,0.13082363591380852,0.28605544244201975
HSI,qlike,drop_gjr,4815,82,False,False,1.2181031772738773,27.643576729211091,81.204265432386265,-0.11448009276703504,0.26606250461209768,0.37982612862577714,naive/patchtst,17.854479153633154,False,12.59626213266581,17.987484062099078,47.14493517088043,0.034682821889579843,0.12700977076632008,0.28605544244201975
HSI,fz0_0p01,headline,4828,50,False,False,0.11351313998430886,10.25910259379174,49.306469553161172,-0.027598646744014878,0.017689401654249731,0.1568553267749577,garch11_t/naive,9.0820715217452221,False,0.39908892774326149,1.5983384285566669,25.335546472609479,-0.0014769320577368824,0.0067930406289999799,0.079093157412368637
HSI,fz0_0p01,drop_gjr,4828,50,False,False,0.11351313998430886,6.8045038678553746,49.306469553161172,-0.027598646744014878,0.019034119154513959,0.1568553267749577,garch11_t/naive,9.0820715217452221,False,0.67773086674710981,1.6377191210287767,25.335546472609479,0.0032245386202011338,0.0074244710111883959,0.079093157412368637
HSI,fz0_0p025,headline,4828,58,False,False,0.20561447054286455,8.1947944382003826,57.05904054362486,-0.039468107619921949,0.022744422816779093,0.14472423187321984,garch11_t/naive,8.5860940930666807,False,1.5401468219461909,2.5082644058518868,41.988208115249094,0.011488133896009729,0.023085252240338121,0.085854124518082095
HSI,fz0_0p025,drop_gjr,4828,58,False,False,0.26771756736196717,8.1947944382003826,57.05904054362486,-0.039468107619921949,0.02457953158812879,0.14472423187321984,garch11_t/naive,8.5860940930666807,False,1.5401468219461909,2.5766412575920472,41.988208115249094,0.011488133896009729,0.023784052085636189,0.085854124518082095
HSI,fz0_0p05,headline,4828,63,False,False,0.10224441393206081,3.3802470924442263,62.461232552074875,-0.039349020947920692,0.022336862936825026,0.12636471405394081,garch11_t/naive,7.8171884358180446,False,2.6331560993793084,20.409416402029141,63.041481538597658,0.026431865659851849,0.04198243963481757,0.094180673845209867
HSI,fz0_0p05,drop_gjr,4828,63,False,False,0.31049587731904166,3.3802470924442263,62.461232552074875,-0.039349020947920692,0.024993310143038787,0.12636471405394081,garch11_t/naive,7.8171884358180446,False,2.6331560993793084,20.869116638495214,63.041481538597658,0.026431865659851849,0.043892630815786524,0.094180673845209867
HSI,fz0_avg,headline,4828,57,False,False,0.14330941758177806,10.773898179351761,56.797795024151185,-0.035710314482332882,0.022120927263693267,0.15486261145842364,garch11_t/naive,9.0011665714419777,False,1.1954938028976321,2.1825430857590415,40.373649038808743,0.0077998144505932116,0.01797867652474211,0.084463199142570528
HSI,fz0_avg,drop_gjr,4828,57,False,False,0.14330941758177806,9.5756032294692837,56.797795024151185,-0.035710314482332882,0.024611201141037639,0.15486261145842364,garch11_t/naive,9.0011665714419777,False,1.3343233294331518,2.2887582195461595,40.373649038808743,0.0092229602310628604,0.018391253259886373,0.084463199142570528
HSI,qlike_ex_near_zero,headline,4815,82,False,False,1.2181031772738773,27.940132919103505,81.204265432386265,-0.11448009276703504,0.26927564129210413,0.37982612862577714,naive/patchtst,17.854479153633154,False,12.59626213266581,20.100792518434801,47.14493517088043,0.034682821889579843,0.13082363591380852,0.28605544244201975
HSI,qlike_ex_near_zero,drop_gjr,4815,82,False,False,1.2181031772738773,27.643576729211091,81.204265432386265,-0.11448009276703504,0.26606250461209768,0.37982612862577714,naive/patchtst,17.854479153633154,False,12.59626213266581,17.987484062099078,47.14493517088043,0.034682821889579843,0.12700977076632008,0.28605544244201975
KOSPI,crps,headline,4837,131,False,False,0.4561675371725481,23.125535932641505,130.46474896744408,-0.090278501543765877,0.046843639569377198,0.21035609921629794,ewma/patchtst,11.20253268269599,False,159.51780199867139,161.9228966930427,162.21711765516466,0.34502506240514158,0.36023054609789346,0.38221071120698702
KOSPI,log_score,headline,4837,84,False,False,0.14480315145120559,8.9614712529519345,83.605695767685219,-0.13382433352366055,0.070158849855720407,0.36374297590322502,garch11/naive,17.213219701715854,False,91.053473447739677,162.61475985950133,165.55360337325172,0.20248591648900641,0.23092932753561957,0.34861955088153085
KOSPI,pinball_0p01,headline,4837,96,False,False,0.18400791302851149,9.1403094231012503,95.186794787100467,-0.16874742865463446,0.009156889561556884,0.19335981179312853,garch11/naive,10.540286437822868,False,8.6085825928067763,9.0551948105564737,93.495084464977296,0.092302851388547338,0.13587701353135612,0.19084349267270234
KOSPI,pinball_0p025,headline,4837,92,False,False,0.32561211263788342,5.1232418002136626,91.125228273222035,-0.11747697765985013,0.018023326520416869,0.20013159474045814,moirai/naive,10.804913028677415,False,55.930661893614591,106.2552396398371,128.75446099456215,0.13888053745823689,0.1570093427349061,0.20901411592104488
KOSPI,pinball_0p05,headline,4837,84,False,False,0.32477081902269722,5.219319211111463,83.577773037343889,-0.060098805667607773,0.053508614285894124,0.18368993368837361,moirai/naive,10.160239528970413,False,135.37156807368797,149.29680782776668,151.97303455035632,0.17042208238444467,0.19637900856388027,0.23028695703268828
KOSPI,pinball_avg,headline,4837,90,False,False,0.51515583474113014,6.3479194093530484,89.557688311082487,-0.12193615624649143,0.033373168604473417,0.19964336522513479,moirai/naive,10.785871200128573,False,56.947049099583346,115.74085895453611,130.72845812057048,0.14929366333072117,0.16665219562829492,0.21251461873355304
KOSPI,qlike,headline,4837,84,False,False,1.2563045237623314,24.976015452103248,83.687568396521669,-0.0081312615961113381,0.19361050678132508,0.49141422881526658,har/patchtst,23.009080960166518,False,3.5775954307521416,12.59507376644479,75.86595616844339,0.043149152900994067,0.12727764702423228,0.41188616285121615
KOSPI,fz0_0p01,headline,4837,81,False,False,0.28800903819194024,7.3663860185681092,80.284566557446439,-0.12912812603804066,0.027659469893321048,0.21331437871602926,garch11/naive,11.317213140232253,False,5.8628556610277869,7.1959555008304799,74.711391290329175,0.06241661138403852,0.099304159216095977,0.18597602051255463
KOSPI,fz0_0p025,headline,4837,77,False,False,0.3486991045953301,6.5818957750794862,76.795137983160245,-0.10227495510182454,0.031173304017831797,0.22687994354582544,har/naive,11.841512514906636,False,8.180321691093793,9.0342961249155795,88.458352431012514,0.082507578721844332,0.099609015091464581,0.196310283650104
KOSPI,fz0_0p05,headline,4837,71,False,False,0.13933682065732378,7.9333054233736986,70.801532139262733,-0.080465242446772889,0.038769986768220376,0.21771325195799091,moirai/naive,11.487486623970909,False,16.043178338274526,53.578523360718663,95.455931158520073,0.099583979039931714,0.11240156947836116,0.20402596702189815
KOSPI,fz0_avg,headline,4837,78,False,False,0.23438117046739437,6.6730131911599102,77.80337968565631,-0.11772024763379531,0.029467793987408127,0.22055247834486014,har/naive,11.597245458319874,False,7.5995075852802492,8.5589574335009022,82.28113714197508,0.076760406882829826,0.10287287862878272,0.19372159033522438
KOSPI,qlike_ex_near_zero,headline,4837,84,False,False,1.2563045237623314,24.976015452103248,83.687568396521669,-0.0081312615961113381,0.19361050678132508,0.49141422881526658,har/patchtst,23.009080960166518,False,3.5775954307521416,12.59507376644479,75.86595616844339,0.043149152900994067,0.12727764702423228,0.41188616285121615
NDX,crps,headline,4942,111,False,False,1.8354803556537482,42.009228895423419,110.53919747293341,-0.10736625629453578,0.037043504110632994,0.23184766978061713,naive/timesfm,12.119468705094386,False,147.67135326049427,151.7171563219774,152.25028794139254,0.26785882308230502,0.28118117739215764,0.31296302661990921
NDX,log_score,headline,4942,68,False,False,0.75867683890197501,8.1465993252822422,67.524574998577023,-0.043537782306574825,0.032370970345807534,0.32405010469439738,naive/patchtst,15.723413090162438,False,116.53278893344971,153.65811850325929,156.66884243819976,0.1518832953019334,0.17890405347300339,0.29735748359740993
NDX,pinball_0p01,headline,4942,75,False,False,0.37597050002116672,11.215647175847781,74.010648450618035,-0.028919035102688537,0.0059757994157951643,0.12391747365897024,autoarima/autoets,7.7729654368149381,False,2.6590892302988109,7.9916850114688129,68.671630521593642,0.026516381226763978,0.053123130636822148,0.077203303441669202
NDX,pinball_0p025,headline,4942,83,False,False,0.12495889873544005,13.870839029669423,82.575137877592653,-0.045898733335876095,-0.0048027965634471412,0.18413882883988031,garch11/garch11_t,10.251065074108665,False,10.063968010740087,59.903926922275737,75.184406290848287,0.052935780735768781,0.0774071561756704,0.10053669775561459
NDX,pinball_0p05,headline,4942,70,False,False,0.070489643694082602,14.075802207751959,69.800288671368435,-0.066769675791448976,-0.0066556940312340242,0.13145844877345467,garch11/garch11_t,8.0957581578847151,False,81.103189512779124,94.904720596267595,117.69041635258573,0.083823857390744994,0.10745687951961232,0.12340511450677713
NDX,pinball_avg,headline,4942,74,False,False,0.08675418007535908,14.236784041266477,73.747410937147947,-0.046220016906570488,-0.0065873833398246966,0.16782390360654828,garch11/garch11_t,9.5982519268563866,False,54.876554449716942,64.226330270393689,78.168650677555945,0.05852280402201198,0.083581078262199765,0.10340777809028295
NDX,qlike,headline,4942,55,False,False,2.6727805427910205,20.525038693279086,54.308585319546076,0.022561906619675439,0.13027081082322567,0.35071501074185785,har/patchtst,16.800472937902828,False,2.0919568091325531,3.6301517677243345,34.011483453424603,0.018211213114103824,0.043674630697818295,0.19698266668339173
NDX,fz0_0p01,headline,4942,67,False,False,0.56399468244225148,9.5444143103200325,66.320354095453126,-0.01971461359679005,0.021009975076517272,0.12349492518208914,autoarima/autoets,7.7547363688833499,False,1.3158405438675336,3.3405714193374494,56.064517859667944,0.0089219352199678831,0.036539534719767772,0.085668983288483352
NDX,fz0_0p025,headline,4942,69,False,False,0.35066200785248119,3.6428174582017796,68.233331337823856,-0.029837880681959212,0.015232379992498442,0.14712058321004745,garch11/garch11_t,8.7525745478068515,False,2.3135859178740112,7.6753630234946435,68.680080345485877,0.021307138056269249,0.042845173942049272,0.094498318847039173
NDX,fz0_0p05,headline,4942,67,False,False,0.12802193818919172,4.4568903712157386,66.043443898832066,-0.030490151438633786,0.0055908850170371021,0.20845934476054712,garch11/garch11_t,11.208875940037185,False,23.325443575149158,25.917942830911084,73.223947015626038,0.033962376842330728,0.050929176272066494,0.097391242155670479
NDX,fz0_avg,headline,4942,68,False,False,0.16388017875235333,7.6176332388155448,67.17040277410068,-0.025813049851333075,0.017520571263214855,0.10950519586772925,autoarima/autoets,7.1416845149250117,False,2.0155611538786635,3.9866267430831033,66.67416108065737,0.01718882138361446,0.042082213009339779,0.091366137934844063
NDX,qlike_ex_near_zero,headline,4942,55,False,False,2.6727805427910205,20.525038693279086,54.308585319546076,0.022561906619675439,0.13027081082322567,0.35071501074185785,har/patchtst,16.800472937902828,False,2.0919568091325531,3.6301517677243345,34.011483453424603,0.018211213114103824,0.043674630697818295,0.19698266668339173
NKX,crps,headline,4774,154,False,False,0.51252979781038721,54.590018537918326,153.27694265424051,-0.0021586528516909782,0.15703193997582879,0.92623259074369158,autoarima/autoets,106.76832315525391,False,134.54723522382244,138.27720541859128,140.22355042232184,0.28897862103790367,0.3046146517335715,0.32126407663157519
NKX,log_score,headline,4774,64,False,False,2.5763719505107803,22.288241148188728,63.589597755513303,0.025689478702144372,0.28889099781088445,0.41824219041242167,naive/patchtst,19.452168970915629,False,30.961847600644671,73.690481252578508,141.6689389460287,0.21576857029371016,0.26582997809377823,0.40547672978313326
NKX,pinball_0p01,headline,4774,117,False,False,1.7956914940308899,55.116028866082488,116.99413633885722,-0.10340132035286911,0.053310466700747031,0.28232302988761432,autoarima/autoets,13.917389794735314,False,8.8296948079156259,42.966866600851745,57.202045010775244,0.13318993749985933,0.16371883600952483,0.21506720597750006
NKX,pinball_0p025,headline,4774,123,False,False,1.4018458857367897,61.876210689960928,122.00480287549117,-0.086068503434663407,0.055476072417183858,0.57219247772720638,autoarima/autoets,27.470710827938088,False,26.717505499223861,63.731341501044142,76.431384896227286,0.13709037693449957,0.16321223234305174,0.20095942380379408
NKX,pinball_0p05,headline,4774,113,False,False,0.8490383907553678,60.618618051661279,112.896994031977,-0.082563484684273505,0.035370709885707258,0.7586577218019418,autoarima/autoets,45.064233568555451,False,49.932069444185053,75.446971466249579,96.046754548810938,0.15347477487663266,0.16910778580203487,0.20747318716198551
NKX,pinball_avg,headline,4774,122,False,False,2.0883567938597634,63.046015802283662,121.13455169953838,-0.096807738990521461,0.053652566863033366,0.63368419715220881,autoarima/autoets,31.786591778367733,False,28.493438092690695,64.769246904922255,76.41777455146628,0.14324543798131437,0.16798115076276174,0.20964829131940768
NKX,qlike,headline,4773,114,False,False,1.2505663172121499,20.224004690629052,113.36060600774925,0.0084028521554515567,0.20422128681043614,0.74804515016379569,autoarima/autoets,43.552777557998255,False,3.7311456402323371,12.117431748504558,75.766514603351752,0.036563037618959925,0.083008837365219093,0.19184355896260499
NKX,fz0_0p01,headline,4774,100,False,False,0.45720174333085695,36.271089973260871,99.32355722043809,0.0054666270136693347,0.08759065522211093,0.20566954876788335,naive/patchtst,10.972482136284494,False,7.2963069661846394,9.8362362332950362,52.42684715347125,0.13557010613394258,0.18159606908885914,0.24601972511021686
NKX,fz0_0p025,headline,4774,104,False,False,0.019843477840627032,36.551052474029419,103.48707357583905,-0.0060377660284835375,0.086108982231795306,0.19478330468089153,naive/patchtst,10.549804959880253,False,8.5788361290408002,10.80302745935918,63.27843658567987,0.12233395142839715,0.16347309040763519,0.20623453488902208
NKX,fz0_0p05,headline,4774,100,False,False,0.57573253729245966,34.674730780404019,99.879222314670287,-0.00349366272366025,0.081642336119400694,0.1784873417151015,naive/patchtst,9.9111347670153851,False,15.313580703131009,45.090024273411579,66.170847799328612,0.12045407477931465,0.15985109881775503,0.18942701498250808
NKX,fz0_avg,headline,4774,102,False,False,0.6405634871145699,38.062206320756303,101.59836388695948,-0.00092948170348356905,0.088862608129604975,0.20139602885227578,naive/patchtst,10.806873102852752,False,8.3677128428372782,10.600754394506824,61.373764786740423,0.13026559645866928,0.17287909748827732,0.22631633780175836
NKX,qlike_ex_near_zero,headline,4772,114,False,False,1.2694203496858485,20.215853436574495,113.42973779871403,0.0085977894457729617,0.20422290431262302,0.74804488110513301,autoarima/autoets,43.54969876010734,False,4.0891811388493293,11.755420219213478,75.851554008539097,0.040026887558464758,0.071438618779540261,0.19304933234710708
SPY,crps,headline,4904,163,False,False,1.2863092281095865,37.000846073480574,162.26293111065544,-0.14258474409792357,0.024206713541373132,0.22863826916259364,garch11_t/naive,11.964055942932072,False,147.62980423123085,153.00026034340766,156.04551000682196,0.31930874222681987,0.33712608397234117,0.39302543831245773
SPY,log_score,headline,4904,74,False,False,0.19513415690228481,15.849370586862275,73.752698721356083,-0.079426193100314971,0.01643738562197283,0.23386816416868716,garch11_t/naive,12.166522477605842,False,75.157396324598182,155.20747060087788,158.91345492605308,0.14809425776051083,0.21140330120329984,0.2969843580934371
SPY,pinball_0p01,headline,4904,110,False,False,0.18872055664840279,15.803947800152439,109.17941379051906,-0.035983858034770624,-0.0066482107399542419,0.089496045765487822,lgbm/naive,6.2100934998710331,False,11.299085702461289,18.567696355313327,92.939896077851799,0.050174257502990871,0.097123199547500844,0.11128615811870909
SPY,pinball_0p025,headline,4904,100,False,False,0.27677278926539661,17.064785578996133,99.042902990314403,-0.052570814226453377,-0.018823289950978664,0.079590922140022821,lgbm/naive,5.736533268991999,False,54.842443567785267,62.701982601040086,107.19075956633486,0.088280263331610598,0.11920738354143785,0.13448298932531597
SPY,pinball_0p05,headline,4904,89,False,False,0.4604192581108778,17.31249463019406,88.99007196455274,-0.099796545968396877,-0.026058203480782013,0.087310291449276572,lgbm/naive,6.1069790173033365,False,103.96910429139689,143.72455820344246,147.04493127688576,0.11737255036298709,0.15222636067538067,0.17628010150825396
SPY,pinball_avg,headline,4904,102,False,False,0.45244231165613358,18.970935952478207,101.4218463978731,-0.076016330469775642,-0.020305020095665163,0.085424967318040682,lgbm/naive,6.0174296170980055,False,60.065852621580206,72.875170588278451,113.88565001929325,0.095600231061413951,0.1286896115636148,0.14504478259341566
SPY,qlike,headline,4904,76,False,False,1.7152687070276869,17.467368207437566,75.25285480025893,0.0022365484924260315,0.11003526971849759,0.4866023497570367,chronos/naive,22.869196745489155,False,1.2930406362973155,2.8434445148579122,70.754578802699783,0.0087212202369049419,0.023490181394093979,0.4170267734846157
SPY,fz0_0p01,headline,4904,71,False,False,0.61210342606850932,4.3384082193585805,70.846064719882591,-0.05938039908166845,0.017761739136189787,0.091034764573061325,lgbm/naive,6.2822446416781261,False,1.7627019892005034,7.1867660948783252,58.83241415177627,0.014025957956760262,0.073720898852154257,0.12583489833579589
SPY,fz0_0p025,headline,4904,75,False,False,0.22947390077496033,4.4980003548973606,74.315581623337124,-0.063545571604631992,0.005775261253423215,0.072432409516666824,lgbm/naive,5.3832621386470967,False,2.8221321957437637,9.0617261113946146,66.094361728749504,0.029255715673117352,0.074185293137291317,0.12687463049792289
SPY,fz0_0p05,headline,4904,76,False,False,0.04161899129760465,6.7725159661194869,75.157021733027264,-0.073735344929217086,-0.0040701222822045382,0.062806725927486928,lgbm/naive,4.8908277622667926,False,21.399916862953237,27.023084274372323,77.337332775324995,0.05139045021121904,0.08410324375525724,0.13031023310973733
SPY,fz0_avg,headline,4904,74,False,False,0.11406935995620603,4.4569716652600491,73.682854087884053,-0.066947465021432243,0.0098873235848017937,0.081558544434304436,lgbm/naive,5.8319332019321655,False,2.4855183671393286,8.5341680752877931,61.094764240663963,0.023937805944514712,0.07501179231421129,0.12743637108995098
SPY,qlike_ex_near_zero,headline,4904,76,False,False,1.7152687070276869,17.467368207437566,75.25285480025893,0.0022365484924260315,0.11003526971849759,0.4866023497570367,chronos/naive,22.869196745489155,False,1.2930406362973155,2.8434445148579122,70.754578802699783,0.0087212202369049419,0.023490181394093979,0.4170267734846157
TWSE,crps,headline,4801,144,False,False,0.54435906506154419,22.612039419925377,143.28410538525065,-0.087479168028672991,0.020531749741064836,0.16090714853431279,gjr/naive,9.2286789978800883,False,157.86007298114191,158.81800869613164,160.35503858202767,0.20825068837727523,0.22268734800070755,0.2424109035581444
TWSE,log_score,headline,4801,39,False,False,0.41327497069918739,18.788062415938775,38.598765559563276,-0.13221197394380735,0.052190328385205542,0.31778056390026926,chronos/patchtst,15.325021145557811,False,31.997263827080332,59.76484210741701,161.92722585094802,0.059259342920014717,0.10665568485117513,0.21340659176756729
TWSE,pinball_0p01,headline,4801,40,False,False,0.43945126328403578,16.15816747874868,39.971063345999404,-0.058169708870960603,0.076842662420849583,0.3446673846978851,ewma/patchtst,16.394946682256474,False,13.263660816378779,18.603185157556517,29.255083369109517,0.034312594462986672,0.051156066367875223,0.19308664795074074
TWSE,pinball_0p025,headline,4801,42,False,False,0.19005404108938082,14.06412255023195,41.638127984552817,-0.071955829502033886,0.094372552031888726,0.32294756239969324,ewma/patchtst,15.528840707540724,False,18.874035408724641,21.414304016245218,36.550608920165189,0.057613997409135184,0.084061032631679106,0.19648279634125168
TWSE,pinball_0p05,headline,4801,44,False,False,0.59988286519072598,13.789192744569922,43.837818756306895,-0.067830155253057217,0.081640388470506919,0.27823294405724475,ewma/patchtst,13.785694339697024,False,31.317797470655027,41.3869475856647,54.495726107648913,0.08257467732931463,0.11542927634521967,0.19966452293598574
TWSE,pinball_avg,headline,4801,42,False,False,1.4001761724143491,14.981040951378995,41.290970187042227,-0.0606771928003315,0.099152526942758418,0.33288270093550409,ewma/patchtst,15.923030019167488,False,19.835372269523027,22.094173722393332,37.11851258665623,0.060123620897029113,0.08467321454220568,0.19837055795451841
TWSE,qlike,headline,4721,61,False,False,0.47285113804175233,20.086960224356254,60.007877562444101,-0.19906831130601535,0.11600003720155581,0.26187152368701261,garch11_t/naive,13.082453514292,False,1.796813539333229,4.0782705518018982,37.615558980221081,0.014732396208084685,0.054244098775474897,0.16875459985394606
TWSE,fz0_0p01,headline,4801,42,False,False,0.65232554118100783,18.022678860424776,41.003352547567829,-0.11310063513134822,0.052392732469424247,0.37284803780881043,har/patchtst,17.546293578491497,False,2.3218099371003897,14.902849813262664,33.799743638438777,0.021751657344548671,0.036858776144639512,0.201667063884334
TWSE,fz0_0p025,headline,4801,44,False,False,0.7488479633450893,18.327715997394623,43.950923187878466,-0.083227653293862919,0.069111275715407386,0.35778975179145461,har/patchtst,16.926730436883133,False,3.6915069032991639,17.690391145821923,36.11625110475466,0.037528704678007403,0.058076486579315321,0.2036519119626663
TWSE,fz0_0p05,headline,4801,46,False,False,0.22605193600725795,18.04326029278706,45.234829120792064,-0.074933523892752235,0.074278595966963123,0.33405656176299731,har/patchtst,15.969816715443944,False,17.91306583262201,20.784922243408086,38.242240483032219,0.055976353294770423,0.078527219859584704,0.20076388737210982
TWSE,fz0_avg,headline,4801,43,False,False,0.17072592394255359,18.279577996051362,42.599025940813334,-0.10095445365519064,0.06257537495500988,0.36758827163837809,har/patchtst,17.328669848758622,False,3.2844040081177619,16.941018424485929,35.165188559976578,0.032448035736137519,0.050629906179386501,0.20353737920045561
TWSE,qlike_ex_near_zero,headline,4719,60,False,False,0.50405096816164929,20.044760270087011,59.988341592781403,-0.19906589837445968,0.1158345168094502,0.26186066468212849,garch11_t/naive,13.080190985337014,False,1.9397021063828093,8.588317418104122,37.569577185186276,0.016587298562535904,0.057947061154857905,0.17005686966493144
